U,d,sigma1,sigma2,sigma3,r,t,e,a,b,n
10,1519,93,279,0,31,31,49,280,9,289
10,1519,243,81,0,1,1,1519,12250,243,12493
10,1519,1519,1519,0,49,49,31,90,31,121
10,1520,240,720,0,80,80,19,40,9,49
10,1520,1520,1520,0,80,80,19,30,19,49
10,1521,39,117,0,13,13,117,280,9,289
10,1521,221,221,0,13,13,117,130,17,147
10,1521,221,221,0,13,13,117,490,17,507
10,1539,243,729,0,81,81,19,40,9,49
10,1539,1539,1539,0,81,81,19,30,19,49
10,1550,1550,1550,0,50,50,31,90,31,121
10,1554,14,14,0,4,2,777,4100,7,4107
10,1558,246,738,0,82,82,19,40,9,49
10,1558,1558,1558,0,82,82,19,30,19,49
10,1565,1565,1565,0,5,5,313,30,313,343
10,1568,96,288,0,32,32,49,280,9,289
10,1575,51,51,0,3,3,525,2170,17,2187
10,1577,249,747,0,83,83,19,40,9,49
10,1577,1577,1577,0,83,83,19,30,19,49
10,1581,1581,1581,0,51,51,31,90,31,121
10,1584,432,1296,0,16,16,99,40,81,121
10,1595,1305,1305,0,5,5,319,1070,261,1331
10,1596,252,756,0,84,84,19,40,9,49
10,1596,266,931,0,2,1,1596,3200,931,4131
10,1596,1596,1596,0,84,84,19,30,19,49
10,1602,2,2,0,2,2,801,890,1,891
10,1602,1458,486,0,2,2,801,250,729,979
10,1605,535,1605,0,5,5,321,40,321,361
10,1611,9,27,0,3,3,537,1960,9,1969
10,1611,21,147,0,3,3,537,1920,49,1969
10,1612,1612,1612,0,52,52,31,90,31,121
10,1615,255,765,0,85,85,19,40,9,49
10,1615,1615,1615,0,85,85,19,30,19,49
10,1617,99,297,0,33,33,49,280,9,289
10,1631,71,71,0,1,1,1631,2330,71,2401
10,1634,6,18,0,2,2,817,1720,9,1729
10,1634,86,258,0,4,2,817,1600,129,1729
10,1634,258,774,0,86,86,19,40,9,49
10,1634,798,798,0,2,2,817,1000,1197,2197
10,1634,1634,1634,0,86,86,19,30,19,49
10,1638,42,126,0,14,14,117,280,9,289
10,1638,78,78,0,6,6,273,330,13,343
10,1638,238,238,0,14,14,117,130,17,147
10,1638,238,238,0,14,14,117,490,17,507
10,1643,1643,1643,0,53,53,31,90,31,121
10,1647,81,243,0,3,3,549,760,81,841
10,1653,261,783,0,87,87,19,40,9,49
10,1653,1653,1653,0,87,87,19,30,19,49
10,1657,237,237,0,1,1,1657,16570,237,16807
10,1659,891,891,0,1,1,1659,1510,891,2401
10,1662,2,2,0,4,2,831,1700,1,1701
10,1666,102,306,0,34,34,49,280,9,289
10,1672,264,792,0,88,88,19,40,9,49
10,1672,1672,1672,0,88,88,19,30,19,49
10,1674,1674,1674,0,54,54,31,90,31,121
10,1677,3,3,0,3,3,559,2430,1,2431
10,1677,39,39,0,1,1,1677,5290,39,5329
10,1677,1587,529,0,1,1,1677,10750,1587,12337
10,1677,1677,1677,0,3,3,559,170,559,729
10,1683,27,81,0,9,9,187,280,9,289
10,1683,459,1377,0,17,17,99,40,81,121
10,1691,267,801,0,89,89,19,40,9,49
10,1691,1691,1691,0,89,89,19,30,19,49
10,1692,6,9,0,2,1,1692,2200,9,2209
10,1695,405,405,0,5,5,339,1000,243,1243
10,1701,1701,1701,0,14,7,243,100,243,343
10,1705,1705,1705,0,55,55,31,90,31,121
10,1708,108,108,0,4,4,427,610,27,637
10,1710,270,810,0,90,90,19,40,9,49
10,1710,1710,1710,0,90,90,19,30,19,49
10,1715,105,315,0,35,35,49,280,9,289
10,1729,273,819,0,91,91,19,40,9,49
10,1729,399,399,0,1,1,1729,1000,1197,2197
10,1729,1729,1729,0,91,91,19,30,19,49
10,1736,1736,1736,0,56,56,31,90,31,121
10,1737,243,729,0,1,1,1737,1480,729,2209
10,1748,276,828,0,92,92,19,40,9,49
10,1748,1748,1748,0,92,92,19,30,19,49
10,1755,45,135,0,15,15,117,280,9,289
10,1755,255,255,0,15,15,117,130,17,147
10,1755,255,255,0,15,15,117,490,17,507
10,1764,108,324,0,36,36,49,280,9,289
10,1767,279,837,0,93,93,19,40,9,49
10,1767,1767,1767,0,57,57,31,90,31,121
10,1767,1767,1767,0,93,93,19,30,19,49
10,1771,121,121,0,1,1,1771,4410,121,4531
10,1771,1331,1331,0,1,1,1771,3430,1331,4761
10,1782,18,54,0,6,6,297,520,9,529
10,1782,486,1458,0,18,18,99,40,81,121
10,1786,282,846,0,94,94,19,40,9,49
10,1786,1786,1786,0,94,94,19,30,19,49
10,1798,1798,1798,0,58,58,31,90,31,121
10,1802,2,2,0,4,2,901,1700,1,1701
10,1802,106,106,0,2,2,901,3430,53,3483
10,1805,285,855,0,95,95,19,40,9,49
10,1805,1805,1805,0,95,95,19,30,19,49
10,1806,258,258,0,12,6,301,300,43,343
10,1812,4,12,0,4,4,453,1960,3,1963
10,1813,111,333,0,37,37,49,280,9,289
10,1824,288,864,0,96,96,19,40,9,49
10,1824,1824,1824,0,96,96,19,30,19,49
10,1827,87,87,0,6,3,609,700,29,729
10,1827,609,1827,0,6,3,609,1600,609,2209
10,1827,1053,1053,0,3,3,609,490,351,841
10,1829,1829,1829,0,59,59,31,90,31,121
10,1843,291,873,0,97,97,19,40,9,49
10,1843,1843,1843,0,97,97,19,30,19,49
10,1860,1860,1860,0,60,60,31,90,31,121
10,1862,114,342,0,38,38,49,280,9,289
10,1862,294,882,0,98,98,19,40,9,49
10,1862,1862,1862,0,98,98,19,30,19,49
10,1863,69,483,0,3,3,621,640,161,801
10,1869,267,801,0,2,1,1869,1600,801,2401
10,1870,30,90,0,10,10,187,280,9,289
10,1872,48,144,0,16,16,117,280,9,289
10,1872,272,272,0,16,16,117,130,17,147
10,1872,272,272,0,16,16,117,490,17,507
10,1878,1878,1878,0,6,6,313,30,313,343
10,1881,111,111,0,3,3,627,3230,37,3267
10,1881,297,891,0,99,99,19,40,9,49
10,1881,513,1539,0,19,19,99,40,81,121
10,1881,1083,1083,0,1,1,1881,2690,1083,3773
10,1881,1881,1881,0,99,99,19,30,19,49
10,1891,1891,1891,0,61,61,31,90,31,121
10,1900,300,900,0,100,100,19,40,9,49
10,1900,1900,1900,0,100,100,19,30,19,49
10,1911,91,91,0,7,7,273,330,13,343
10,1911,117,351,0,39,39,49,280,9,289
10,1911,1491,1491,0,3,3,637,1690,497,2187
10,1914,2,14,0,2,2,957,7040,7,7047
10,1914,1566,1566,0,6,6,319,1070,261,1331
10,1919,303,909,0,101,101,19,40,9,49
10,1919,1919,1919,0,101,101,19,30,19,49
10,1922,1922,1922,0,62,62,31,90,31,121
10,1926,642,1926,0,6,6,321,40,321,361
10,1938,306,918,0,102,102,19,40,9,49
10,1938,1938,1938,0,102,102,19,30,19,49
10,1944,1944,1944,0,16,8,243,100,243,343
10,1953,93,93,0,3,3,651,6530,31,6561
10,1953,1953,1953,0,63,63,31,90,31,121
10,1957,309,927,0,103,103,19,40,9,49
10,1957,1957,1957,0,103,103,19,30,19,49
10,1960,120,360,0,40,40,49,280,9,289
10,1974,14,49,0,2,1,1974,3200,49,3249
10,1974,54,54,0,2,2,987,1000,81,1081
10,1974,94,94,0,4,2,987,4300,47,4347
10,1976,312,936,0,104,104,19,40,9,49
10,1976,1976,1976,0,104,104,19,30,19,49
10,1980,540,1620,0,20,20,99,40,81,121
10,1984,1984,1984,0,64,64,31,90,31,121
10,1989,1,1,0,1,1,1989,2430,1,2431
10,1989,51,153,0,17,17,117,280,9,289
10,1989,289,289,0,17,17,117,130,17,147
10,1989,289,289,0,17,17,117,490,17,507
10,1989,729,729,0,3,3,663,1000,729,1729
10,1995,315,945,0,105,105,19,40,9,49
10,1995,1995,1995,0,105,105,19,30,19,49
10,1998,22,22,0,2,2,999,1690,11,1701
10,2002,2,2,0,2,2,1001,2890,1,2891
10,2002,26,26,0,4,2,1001,4900,13,4913
10,2009,123,369,0,41,41,49,280,9,289
10,2014,318,954,0,106,106,19,40,9,49
10,2014,2014,2014,0,106,106,19,30,19,49
10,2015,2015,2015,0,65,65,31,90,31,121
10,2033,321,963,0,107,107,19,40,9,49
10,2033,2033,2033,0,107,107,19,30,19,49
10,2034,486,486,0,6,6,339,1000,243,1243
10,2042,2042,2042,0,2,2,1021,310,1021,1331
10,2046,2046,2046,0,66,66,31,90,31,121
10,2052,324,972,0,108,108,19,40,9,49
10,2052,2052,2052,0,108,108,19,30,19,49
10,2054,158,474,0,2,2,1027,1960,237,2197
10,2057,33,99,0,11,11,187,280,9,289
10,2058,126,378,0,42,42,49,280,9,289
10,2064,12,18,0,4,2,1032,2200,9,2209
10,2065,63,567,0,1,1,2065,2560,567,3127
10,2071,327,981,0,109,109,19,40,9,49
10,2071,2071,2071,0,109,109,19,30,19,49
10,2077,1519,1519,0,1,1,2077,2970,1519,4489
10,2077,2077,2077,0,1,1,2077,110,2077,2187
10,2077,2077,2077,0,67,67,31,90,31,121
10,2079,21,63,0,7,7,297,520,9,529
10,2079,567,1701,0,21,21,99,40,81,121
10,2090,330,990,0,110,110,19,40,9,49
10,2090,2090,2090,0,110,110,19,30,19,49
10,2091,1,1,0,1,1,2091,11270,1,11271
10,2091,3,3,0,1,1,2091,2870,3,2873
10,2091,9,3,0,1,1,2091,12250,9,12259
10,2091,13,13,0,1,1,2091,3690,13,3703
10,2100,68,68,0,4,4,525,2170,17,2187
10,2106,54,162,0,18,18,117,280,9,289
10,2106,306,306,0,18,18,117,130,17,147
10,2106,306,306,0,18,18,117,490,17,507
10,2107,129,387,0,43,43,49,280,9,289
10,2107,301,301,0,14,7,301,300,43,343
10,2108,2108,2108,0,68,68,31,90,31,121
10,2109,333,999,0,111,111,19,40,9,49
10,2109,2109,2109,0,111,111,19,30,19,49
10,2121,243,81,0,1,1,2121,19250,243,19493
10,2128,336,1008,0,112,112,19,40,9,49
10,2128,2128,2128,0,112,112,19,30,19,49
10,2133,93,93,0,3,3,711,6210,31,6241
10,2135,135,135,0,5,5,427,610,27,637
10,2138,2,2,0,4,2,1069,1700,1,1701
10,2139,2139,2139,0,69,69,31,90,31,121
10,2142,2,2,0,4,2,1071,1700,1,1701
10,2147,339,1017,0,113,113,19,40,9,49
10,2147,2147,2147,0,113,113,19,30,19,49
10,2148,12,36,0,4,4,537,1960,9,1969
10,2148,28,196,0,4,4,537,1920,49,1969
10,2156,132,396,0,44,44,49,280,9,289
10,2166,342,1026,0,114,114,19,40,9,49
10,2166,2166,2166,0,114,114,19,30,19,49
10,2170,2170,2170,0,70,70,31,90,31,121
10,2174,2174,2174,0,4,2,1087,1100,1087,2187
10,2178,594,1782,0,22,22,99,40,81,121
10,2184,104,104,0,8,8,273,330,13,343
10,2185,345,1035,0,115,115,19,40,9,49
10,2185,2185,2185,0,115,115,19,30,19,49
10,2187,2187,2187,0,18,9,243,100,243,343
10,2191,2191,2191,0,7,7,313,30,313,343
10,2196,108,324,0,4,4,549,760,81,841
10,2198,2,18,0,2,2,1099,2560,9,2569
10,2201,2201,2201,0,71,71,31,90,31,121
10,2204,348,1044,0,116,116,19,40,9,49
10,2204,2204,2204,0,116,116,19,30,19,49
10,2205,135,405,0,45,45,49,280,9,289
10,2223,57,171,0,19,19,117,280,9,289
10,2223,323,323,0,19,19,117,130,17,147
10,2223,323,323,0,19,19,117,490,17,507
10,2223,351,1053,0,117,117,19,40,9,49
10,2223,2223,2223,0,117,117,19,30,19,49
10,2232,2232,2232,0,72,72,31,90,31,121
10,2233,1827,1827,0,7,7,319,1070,261,1331
10,2236,4,4,0,4,4,559,2430,1,2431
10,2236,2236,2236,0,4,4,559,170,559,729
10,2242,354,1062,0,118,118,19,40,9,49
10,2242,2242,2242,0,118,118,19,30,19,49
10,2244,36,108,0,12,12,187,280,9,289
10,2247,749,2247,0,7,7,321,40,321,361
10,2254,138,414,0,46,46,49,280,9,289
10,2259,3,9,0,1,1,2259,4760,9,4769
10,2261,357,1071,0,119,119,19,40,9,49
10,2261,2261,2261,0,119,119,19,30,19,49
10,2262,2178,726,0,2,2,1131,250,1089,1339
10,2263,2263,2263,0,73,73,31,90,31,121
10,2265,5,15,0,5,5,453,1960,3,1963
10,2277,363,1089,0,1,1,2277,1720,1089,2809
10,2277,621,1863,0,23,23,99,40,81,121
10,2280,360,1080,0,120,120,19,40,9,49
10,2280,2280,2280,0,120,120,19,30,19,49
10,2294,2294,2294,0,74,74,31,90,31,121
10,2299,33,99,0,1,1,2299,6760,99,6859
10,2299,363,1089,0,121,121,19,40,9,49
10,2299,2299,2299,0,121,121,19,30,19,49
10,2301,343,343,0,1,1,2301,2430,343,2773
10,2301,507,1521,0,1,1,2301,1960,1521,3481
10,2301,2301,2301,0,2,1,2301,100,2301,2401
10,2303,141,423,0,47,47,49,280,9,289
10,2318,38,38,0,2,2,1159,1830,19,1849
10,2318,366,1098,0,122,122,19,40,9,49
10,2318,2318,2318,0,122,122,19,30,19,49
10,2325,2325,2325,0,75,75,31,90,31,121
10,2331,21,21,0,6,3,777,4100,7,4107
10,2337,369,1107,0,123,123,19,40,9,49
10,2337,2337,2337,0,123,123,19,30,19,49
10,2340,60,180,0,20,20,117,280,9,289
10,2340,340,340,0,20,20,117,130,17,147
10,2340,340,340,0,20,20,117,490,17,507
10,2341,2341,2341,0,2,1,2341,2700,2341,5041
10,2343,729,243,0,1,1,2343,2750,729,3479
10,2352,144,432,0,48,48,49,280,9,289
10,2356,372,1116,0,124,124,19,40,9,49
10,2356,2356,2356,0,76,76,31,90,31,121
10,2356,2356,2356,0,124,124,19,30,19,49
10,2371,2371,2371,0,1,1,2371,30,2371,2401
10,2373,567,567,0,7,7,339,1000,243,1243
10,2375,375,1125,0,125,125,19,40,9,49
10,2375,2375,2375,0,125,125,19,30,19,49
10,2376,24,72,0,8,8,297,520,9,529
10,2376,648,1944,0,24,24,99,40,81,121
10,2387,2387,2387,0,77,77,31,90,31,121
10,2394,14,49,0,2,1,2394,3200,49,3249
10,2394,378,1134,0,126,126,19,40,9,49
10,2394,2394,2394,0,126,126,19,30,19,49
10,2401,147,441,0,49,49,49,280,9,289
10,2403,3,3,0,3,3,801,890,1,891
10,2403,2187,729,0,3,3,801,250,729,979
10,2407,319,319,0,1,1,2407,6570,319,6889
10,2408,344,344,0,16,8,301,300,43,343
10,2413,127,1143,0,1,1,2413,2560,1143,3703
10,2413,381,1143,0,127,127,19,40,9,49
10,2413,2413,2413,0,127,127,19,30,19,49
10,2418,98,98,0,2,2,1209,5190,49,5239
10,2418,486,162,0,2,2,1209,12250,243,12493
10,2418,2418,2418,0,78,78,31,90,31,121
10,2430,2430,2430,0,20,10,243,100,243,343
10,2431,27,81,0,1,1,2431,8840,81,8921
10,2431,39,117,0,13,13,187,280,9,289
10,2432,384,1152,0,128,128,19,40,9,49
10,2432,2432,2432,0,128,128,19,30,19,49
10,2436,116,116,0,8,4,609,700,29,729
10,2436,812,2436,0,8,4,609,1600,609,2209
10,2436,1404,1404,0,4,4,609,490,351,841
10,2438,318,318,0,2,2,1219,1210,159,1369
10,2449,2449,2449,0,79,79,31,90,31,121
10,2450,150,450,0,50,50,49,280,9,289
10,2451,9,27,0,3,3,817,1720,9,1729
10,2451,129,387,0,6,3,817,1600,129,1729
10,2451,387,1161,0,129,129,19,40,9,49
10,2451,1197,1197,0,3,3,817,1000,1197,2197
10,2451,2451,2451,0,129,129,19,30,19,49
10,2457,63,189,0,21,21,117,280,9,289
10,2457,117,117,0,9,9,273,330,13,343
10,2457,357,357,0,21,21,117,130,17,147
10,2457,357,357,0,21,21,117,490,17,507
10,2463,2463,2463,0,1,1,2463,17000,7389,24389
10,2470,390,1170,0,130,130,19,40,9,49
10,2470,2470,2470,0,130,130,19,30,19,49
10,2475,675,2025,0,25,25,99,40,81,121
10,2478,2,2,0,2,2,1239,2890,1,2891
10,2478,2,2,0,2,2,1239,4130,1,4131
10,2478,2,2,0,4,2,1239,1700,1,1701
10,2478,102,102,0,2,2,1239,3430,51,3481
10,2480,2480,2480,0,80,80,31,90,31,121
10,2484,92,644,0,4,4,621,640,161,801
10,2489,393,1179,0,131,131,19,40,9,49
10,2489,2489,2489,0,131,131,19,30,19,49
10,2493,3,3,0,6,3,831,1700,1,1701
10,2499,153,459,0,51,51,49,280,9,289
10,2504,2504,2504,0,8,8,313,30,313,343
10,2508,148,148,0,4,4,627,3230,37,3267
10,2508,396,1188,0,132,132,19,40,9,49
10,2508,2508,2508,0,132,132,19,30,19,49
10,2511,2511,2511,0,81,81,31,90,31,121
10,2527,399,1197,0,133,133,19,40,9,49
10,2527,2527,2527,0,133,133,19,30,19,49
10,2538,54,162,0,4,2,1269,1600,81,1681
10,2542,2542,2542,0,82,82,31,90,31,121
10,2546,402,1206,0,134,134,19,40,9,49
10,2546,2546,2546,0,134,134,19,30,19,49
10,2548,156,468,0,52,52,49,280,9,289
10,2548,1988,1988,0,4,4,637,1690,497,2187
10,2552,2088,2088,0,8,8,319,1070,261,1331
10,2553,3,3,0,2,1,2553,3700,3,3703
10,2562,162,162,0,6,6,427,610,27,637
10,2565,405,1215,0,135,135,19,40,9,49
10,2565,2565,2565,0,135,135,19,30,19,49
10,2568,856,2568,0,8,8,321,40,321,361
10,2573,2573,2573,0,83,83,31,90,31,121
10,2574,66,198,0,22,22,117,280,9,289
10,2574,374,374,0,22,22,117,130,17,147
10,2574,374,374,0,22,22,117,490,17,507
10,2574,702,2106,0,26,26,99,40,81,121
10,2584,408,1224,0,136,136,19,40,9,49
10,2584,2584,2584,0,136,136,19,30,19,49
10,2597,159,477,0,53,53,49,280,9,289
10,2603,411,1233,0,137,137,19,40,9,49
10,2603,2603,2603,0,137,137,19,30,19,49
10,2604,124,124,0,4,4,651,6530,31,6561
10,2604,2604,2604,0,84,84,31,90,31,121
10,2618,2,2,0,2,2,1309,1330,1,1331
10,2618,2,2,0,4,2,1309,1700,1,1701
10,2618,38,38,0,2,2,1309,8330,19,8349
10,2618,42,126,0,14,14,187,280,9,289
10,2618,238,238,0,4,2,1309,5700,119,5819
10,2618,2618,2618,0,2,2,1309,230,1309,1539
10,2622,414,1242,0,138,138,19,40,9,49
10,2622,2622,2622,0,138,138,19,30,19,49
10,2625,85,85,0,5,5,525,2170,17,2187
10,2635,2635,2635,0,85,85,31,90,31,121
10,2637,2197,2197,0,1,1,2637,20510,2197,22707
10,2637,2637,879,0,1,1,2637,3250,2637,5887
10,2639,1,1,0,2,1,2639,4900,1,4901
10,2641,417,1251,0,139,139,19,40,9,49
10,2641,2641,2641,0,139,139,19,30,19,49
10,2646,162,486,0,54,54,49,280,9,289
10,2652,972,972,0,4,4,663,1000,729,1729
10,2666,2666,2666,0,86,86,31,90,31,121
10,2673,27,81,0,9,9,297,520,9,529
10,2673,729,2187,0,27,27,99,40,81,121
10,2673,2673,2673,0,22,11,243,100,243,343
10,2679,9,81,0,1,1,2679,17920,81,18001
10,2685,15,45,0,5,5,537,1960,9,1969
10,2685,35,245,0,5,5,537,1920,49,1969
10,2691,69,207,0,23,23,117,280,9,289
10,2691,391,391,0,23,23,117,130,17,147
10,2691,391,391,0,23,23,117,490,17,507
10,2694,2694,2694,0,2,2,1347,1000,4041,5041
10,2695,1,7,0,1,1,2695,7040,7,7047
10,2695,165,495,0,55,55,49,280,9,289
10,2697,2697,2697,0,87,87,31,90,31,121
10,2701,73,73,0,1,1,2701,19610,73,19683
10,2702,2702,2702,0,2,2,1351,330,1351,1681
10,2703,3,3,0,6,3,901,1700,1,1701
10,2703,159,159,0,3,3,901,3430,53,3483
10,2709,387,387,0,18,9,301,300,43,343
10,2712,648,648,0,8,8,339,1000,243,1243
10,2718,6,18,0,6,6,453,1960,3,1963
10,2728,2728,2728,0,88,88,31,90,31,121
10,2730,130,130,0,10,10,273,330,13,343
10,2737,9,9,0,1,1,2737,5810,9,5819
10,2737,81,27,0,1,1,2737,5750,81,5831
10,2737,833,2499,0,1,1,2737,3320,2499,5819
10,2744,168,504,0,56,56,49,280,9,289
10,2745,135,405,0,5,5,549,760,81,841
10,2754,394,394,0,2,2,1377,2890,197,3087
10,2759,2759,2759,0,89,89,31,90,31,121
10,2763,243,243,0,1,1,2763,24010,243,24253
10,2772,14,49,0,2,1,2772,3200,49,3249
10,2772,756,2268,0,28,28,99,40,81,121
10,2790,2790,2790,0,90,90,31,90,31,121
10,2793,171,513,0,57,57,49,280,9,289
10,2795,5,5,0,5,5,559,2430,1,2431
10,2795,2795,2795,0,5,5,559,170,559,729
10,2805,45,135,0,15,15,187,280,9,289
10,2808,72,216,0,24,24,117,280,9,289
10,2808,408,408,0,24,24,117,130,17,147
10,2808,408,408,0,24,24,117,490,17,507
10,2817,2817,2817,0,9,9,313,30,313,343
10,2821,243,81,0,1,1,2821,12250,243,12493
10,2821,2821,2821,0,91,91,31,90,31,121
10,2827,27,297,0,1,1,2827,10240,297,10537
10,2842,174,522,0,58,58,49,280,9,289
10,2844,124,124,0,4,4,711,6210,31,6241
10,2847,3,9,0,1,1,2847,20440,9,20449
10,2847,37,407,0,1,1,2847,10240,407,10647
10,2847,259,259,0,1,1,2847,5070,259,5329
10,2852,2852,2852,0,92,92,31,90,31,121
10,2871,1,1,0,1,1,2871,13310,1,13311
10,2871,3,21,0,3,3,957,7040,7,7047
10,2871,783,2349,0,29,29,99,40,81,121
10,2871,2349,2349,0,9,9,319,1070,261,1331
10,2883,2883,2883,0,93,93,31,90,31,121
10,2889,963,2889,0,9,9,321,40,321,361
10,2891,177,531,0,59,59,49,280,9,289
10,2914,2914,2914,0,94,94,31,90,31,121
10,2916,2916,2916,0,24,12,243,100,243,343
10,2922,686,686,0,2,2,1461,8910,343,9253
10,2925,75,225,0,25,25,117,280,9,289
10,2925,425,425,0,25,25,117,130,17,147
10,2925,425,425,0,25,25,117,490,17,507
10,2940,180,540,0,60,60,49,280,9,289
10,2945,2945,2945,0,95,95,31,90,31,121
10,2961,81,81,0,3,3,987,1000,81,1081
10,2961,141,141,0,6,3,987,4300,47,4347
10,2970,30,90,0,10,10,297,520,9,529
10,2970,810,2430,0,30,30,99,40,81,121
10,2976,2976,2976,0,96,96,31,90,31,121
10,2989,183,549,0,61,61,49,280,9,289
10,2989,189,189,0,7,7,427,610,27,637
10,2992,48,144,0,16,16,187,280,9,289
10,2997,33,33,0,3,3,999,1690,11,1701
10,3003,3,3,0,3,3,1001,2890,1,2891
10,3003,39,39,0,6,3,1001,4900,13,4913
10,3003,143,143,0,11,11,273,330,13,343
10,3007,3007,3007,0,97,97,31,90,31,121
10,3010,430,430,0,20,10,301,300,43,343
10,3038,186,558,0,62,62,49,280,9,289
10,3038,486,162,0,2,2,1519,12250,243,12493
10,3038,3038,3038,0,98,98,31,90,31,121
10,3042,78,234,0,26,26,117,280,9,289
10,3042,442,442,0,26,26,117,130,17,147
10,3042,442,442,0,26,26,117,490,17,507
10,3045,1,7,0,1,1,3045,7040,7,7047
10,3045,145,145,0,10,5,609,700,29,729
10,3045,1015,3045,0,10,5,609,1600,609,2209
10,3045,1755,1755,0,5,5,609,490,351,841
10,3051,729,729,0,9,9,339,1000,243,1243
10,3057,1,7,0,1,1,3057,12160,7,12167
10,3063,3063,3063,0,3,3,1021,310,1021,1331
10,3069,837,2511,0,31,31,99,40,81,121
10,3069,3069,3069,0,99,99,31,90,31,121
10,3081,237,711,0,3,3,1027,1960,237,2197
10,3087,189,567,0,63,63,49,280,9,289
10,3096,18,27,0,6,3,1032,2200,9,2209
10,3100,3100,3100,0,100,100,31,90,31,121
10,3102,6,9,0,2,1,3102,9400,9,9409
10,3105,115,805,0,5,5,621,640,161,801
10,3108,28,28,0,8,4,777,4100,7,4107
10,3111,891,891,0,1,1,3111,2830,891,3721
10,3127,2597,2597,0,1,1,3127,1000,7791,8791
10,3130,3130,3130,0,10,10,313,30,313,343
10,3131,3131,3131,0,101,101,31,90,31,121
10,3135,185,185,0,5,5,627,3230,37,3267
10,3136,192,576,0,64,64,49,280,9,289
10,3150,102,102,0,6,6,525,2170,17,2187
10,3159,81,243,0,27,27,117,280,9,289
10,3159,459,459,0,27,27,117,130,17,147
10,3159,459,459,0,27,27,117,490,17,507
10,3159,3159,3159,0,26,13,243,100,243,343
10,3162,3162,3162,0,102,102,31,90,31,121
10,3168,864,2592,0,32,32,99,40,81,121
10,3171,7,21,0,7,7,453,1960,3,1963
10,3171,931,931,0,1,1,3171,21870,931,22801
10,3179,51,153,0,17,17,187,280,9,289
10,3185,195,585,0,65,65,49,280,9,289
10,3185,2485,2485,0,5,5,637,1690,497,2187
10,3190,2610,2610,0,10,10,319,1070,261,1331
10,3192,14,49,0,2,1,3192,3200,49,3249
10,3192,532,1862,0,4,2,1596,3200,931,4131
10,3193,3193,3193,0,103,103,31,90,31,121
10,3204,4,4,0,4,4,801,890,1,891
10,3204,2916,972,0,4,4,801,250,729,979
10,3207,3,3,0,6,3,1069,1700,1,1701
10,3210,1070,3210,0,10,10,321,40,321,361
10,3211,13,13,0,2,1,3211,4900,13,4913
10,3213,3,3,0,6,3,1071,1700,1,1701
10,3222,18,54,0,6,6,537,1960,9,1969
10,3222,42,294,0,6,6,537,1920,49,1969
10,3224,3224,3224,0,104,104,31,90,31,121
10,3234,198,594,0,66,66,49,280,9,289
10,3255,155,155,0,5,5,651,6530,31,6561
10,3255,3255,3255,0,105,105,31,90,31,121
10,3261,3261,3261,0,6,3,1087,1100,1087,2187
10,3262,142,142,0,2,2,1631,2330,71,2401
10,3267,33,99,0,11,11,297,520,9,529
10,3267,891,2673,0,33,33,99,40,81,121
10,3268,12,36,0,4,4,817,1720,9,1729
10,3268,172,516,0,8,4,817,1600,129,1729
10,3268,1596,1596,0,4,4,817,1000,1197,2197
10,3276,84,252,0,28,28,117,280,9,289
10,3276,156,156,0,12,12,273,330,13,343
10,3276,476,476,0,28,28,117,130,17,147
10,3276,476,476,0,28,28,117,490,17,507
10,3283,201,603,0,67,67,49,280,9,289
10,3286,3286,3286,0,106,106,31,90,31,121
10,3294,162,486,0,6,6,549,760,81,841
10,3297,3,27,0,3,3,1099,2560,9,2569
10,3311,473,473,0,22,11,301,300,43,343
10,3314,474,474,0,2,2,1657,16570,237,16807
10,3315,1215,1215,0,5,5,663,1000,729,1729
10,3317,3317,3317,0,107,107,31,90,31,121
10,3318,1782,1782,0,2,2,1659,1510,891,2401
10,3324,4,4,0,8,4,831,1700,1,1701
10,3332,204,612,0,68,68,49,280,9,289
10,3339,49,49,0,1,1,3339,6890,49,6939
10,3348,3348,3348,0,108,108,31,90,31,121
10,3354,6,6,0,6,6,559,2430,1,2431
10,3354,78,78,0,2,2,1677,5290,39,5329
10,3354,3174,1058,0,2,2,1677,10750,1587,12337
10,3354,3354,3354,0,6,6,559,170,559,729
10,3366,54,162,0,18,18,187,280,9,289
10,3366,918,2754,0,34,34,99,40,81,121
10,3367,1369,1369,0,1,1,3367,13230,1369,14599
10,3379,3379,3379,0,109,109,31,90,31,121
10,3381,207,621,0,69,69,49,280,9,289
10,3384,12,18,0,4,2,1692,2200,9,2209
10,3390,810,810,0,10,10,339,1000,243,1243
10,3393,87,261,0,29,29,117,280,9,289
10,3393,493,493,0,29,29,117,130,17,147
10,3393,493,493,0,29,29,117,490,17,507
10,3393,3267,1089,0,3,3,1131,250,1089,1339
10,3402,3402,3402,0,28,14,243,100,243,343
10,3410,3410,3410,0,110,110,31,90,31,121
10,3416,216,216,0,8,8,427,610,27,637
10,3430,210,630,0,70,70,49,280,9,289
10,3441,3441,3441,0,111,111,31,90,31,121
10,3443,3443,3443,0,11,11,313,30,313,343
10,3458,798,798,0,2,2,1729,1000,1197,2197
10,3465,945,2835,0,35,35,99,40,81,121
10,3472,3472,3472,0,112,112,31,90,31,121
10,3474,486,1458,0,2,2,1737,1480,729,2209
10,3477,57,57,0,3,3,1159,1830,19,1849
10,3479,213,639,0,71,71,49,280,9,289
10,3503,3503,3503,0,113,113,31,90,31,121
10,3507,1,7,0,1,1,3507,7040,7,7047
10,3507,1089,3267,0,1,1,3507,6680,3267,9947
10,3509,2871,2871,0,11,11,319,1070,261,1331
10,3510,90,270,0,30,30,117,280,9,289
10,3510,510,510,0,30,30,117,130,17,147
10,3510,510,510,0,30,30,117,490,17,507
10,3519,3,9,0,1,1,3519,11560,9,11569
10,3528,216,648,0,72,72,49,280,9,289
10,3531,1177,3531,0,11,11,321,40,321,361
10,3534,3534,3534,0,114,114,31,90,31,121
10,3542,242,242,0,2,2,1771,4410,121,4531
10,3542,2662,2662,0,2,2,1771,3430,1331,4761
10,3549,7,49,0,1,1,3549,33920,49,33969
10,3549,169,169,0,13,13,273,330,13,343
10,3553,57,171,0,19,19,187,280,9,289
10,3555,155,155,0,5,5,711,6210,31,6241
10,3564,36,108,0,12,12,297,520,9,529
10,3564,972,2916,0,36,36,99,40,81,121
10,3565,3565,3565,0,115,115,31,90,31,121
10,3577,219,657,0,73,73,49,280,9,289
10,3589,3,1,0,1,1,3589,4750,3,4753
10,3596,3596,3596,0,116,116,31,90,31,121
10,3604,4,4,0,8,4,901,1700,1,1701
10,3604,212,212,0,4,4,901,3430,53,3483
10,3612,516,516,0,24,12,301,300,43,343
10,3619,289,289,0,1,1,3619,24010,289,24299
10,3619,289,3179,0,1,1,3619,10240,3179,13419
10,3624,8,24,0,8,8,453,1960,3,1963
10,3626,222,666,0,74,74,49,280,9,289
10,3627,93,279,0,31,31,117,280,9,289
10,3627,147,147,0,3,3,1209,5190,49,5239
10,3627,527,527,0,31,31,117,130,17,147
10,3627,527,527,0,31,31,117,490,17,507
10,3627,729,243,0,3,3,1209,12250,243,12493
10,3627,3627,3627,0,117,117,31,90,31,121
10,3645,3645,3645,0,30,15,243,100,243,343
10,3654,174,174,0,12,6,609,700,29,729
10,3654,1218,3654,0,12,6,609,1600,609,2209
10,3654,2106,2106,0,6,6,609,490,351,841
10,3657,477,477,0,3,3,1219,1210,159,1369
10,3658,3658,3658,0,118,118,31,90,31,121
10,3661,1331,1331,0,1,1,3661,5230,1331,6561
10,3663,999,2997,0,37,37,99,40,81,121
10,3675,119,119,0,7,7,525,2170,17,2187
10,3675,225,675,0,75,75,49,280,9,289
10,3689,3689,3689,0,119,119,31,90,31,121
10,3717,3,3,0,3,3,1239,2890,1,2891
10,3717,3,3,0,3,3,1239,4130,1,4131
10,3717,3,3,0,6,3,1239,1700,1,1701
10,3717,153,153,0,3,3,1239,3430,51,3481
10,3720,3720,3720,0,120,120,31,90,31,121
10,3724,228,684,0,76,76,49,280,9,289
10,3726,138,966,0,6,6,621,640,161,801
10,3729,33,11,0,1,1,3729,10250,33,10283
10,3729,147,441,0,1,1,3729,4520,441,4961
10,3729,891,891,0,11,11,339,1000,243,1243
10,3738,534,1602,0,4,2,1869,1600,801,2401
10,3740,60,180,0,20,20,187,280,9,289
10,3744,96,288,0,32,32,117,280,9,289
10,3744,544,544,0,32,32,117,130,17,147
10,3744,544,544,0,32,32,117,490,17,507
10,3751,3751,3751,0,121,121,31,90,31,121
10,3756,3756,3756,0,12,12,313,30,313,343
10,3759,21,63,0,7,7,537,1960,9,1969
10,3759,49,343,0,7,7,537,1920,49,1969
10,3762,222,222,0,6,6,627,3230,37,3267
10,3762,1026,3078,0,38,38,99,40,81,121
10,3762,2166,2166,0,2,2,1881,2690,1083,3773
10,3773,231,693,0,77,77,49,280,9,289
10,3782,3782,3782,0,122,122,31,90,31,121
10,3799,3,9,0,1,1,3799,5240,9,5249
10,3799,1629,1629,0,1,1,3799,1000,4887,5887
10,3807,81,243,0,6,3,1269,1600,81,1681
10,3813,3813,3813,0,123,123,31,90,31,121
10,3822,182,182,0,14,14,273,330,13,343
10,3822,234,702,0,78,78,49,280,9,289
10,3822,2982,2982,0,6,6,637,1690,497,2187
10,3828,4,28,0,4,4,957,7040,7,7047
10,3828,3132,3132,0,12,12,319,1070,261,1331
10,3843,189,567,0,7,7,549,760,81,841
10,3843,243,243,0,9,9,427,610,27,637
10,3844,3844,3844,0,124,124,31,90,31,121
10,3852,1284,3852,0,12,12,321,40,321,361
10,3861,39,117,0,13,13,297,520,9,529
10,3861,99,297,0,33,33,117,280,9,289
10,3861,561,561,0,33,33,117,130,17,147
10,3861,561,561,0,33,33,117,490,17,507
10,3861,1053,3159,0,39,39,99,40,81,121
10,3871,237,711,0,79,79,49,280,9,289
10,3875,3875,3875,0,125,125,31,90,31,121
10,3885,35,35,0,10,5,777,4100,7,4107
10,3888,3888,3888,0,32,16,243,100,243,343
10,3906,186,186,0,6,6,651,6530,31,6561
10,3906,3906,3906,0,126,126,31,90,31,121
10,3913,7,7,0,7,7,559,2430,1,2431
10,3913,559,559,0,26,13,301,300,43,343
10,3913,3913,3913,0,7,7,559,170,559,729
10,3920,240,720,0,80,80,49,280,9,289
10,3927,3,3,0,3,3,1309,1330,1,1331
10,3927,3,3,0,6,3,1309,1700,1,1701
10,3927,57,57,0,3,3,1309,8330,19,8349
10,3927,63,189,0,21,21,187,280,9,289
10,3927,357,357,0,6,3,1309,5700,119,5819
10,3927,3927,3927,0,3,3,1309,230,1309,1539
10,3937,3,9,0,1,1,3937,16120,9,16129
10,3937,3937,3937,0,127,127,31,90,31,121
10,3948,28,98,0,4,2,1974,3200,49,3249
10,3948,108,108,0,4,4,987,1000,81,1081
10,3948,188,188,0,8,4,987,4300,47,4347
10,3960,1080,3240,0,40,40,99,40,81,121
10,3968,3968,3968,0,128,128,31,90,31,121
10,3969,243,729,0,81,81,49,280,9,289
10,3978,2,2,0,2,2,1989,2430,1,2431
10,3978,102,306,0,34,34,117,280,9,289
10,3978,578,578,0,34,34,117,130,17,147
10,3978,578,578,0,34,34,117,490,17,507
10,3978,1458,1458,0,6,6,663,1000,729,1729
10,3996,44,44,0,4,4,999,1690,11,1701
10,3997,243,567,0,1,1,3997,16000,1701,17701
10,3999,3999,3999,0,129,129,31,90,31,121
10,4004,4,4,0,4,4,1001,2890,1,2891
10,4004,52,52,0,8,4,1001,4900,13,4913
10,4005,5,5,0,5,5,801,890,1,891
10,4005,3645,1215,0,5,5,801,250,729,979
10,4018,246,738,0,82,82,49,280,9,289
10,4030,4030,4030,0,130,130,31,90,31,121
10,4041,4041,4041,0,3,3,1347,1000,4041,5041
10,4053,4053,4053,0,3,3,1351,330,1351,1681
10,4059,1107,3321,0,41,41,99,40,81,121
10,4061,4061,4061,0,131,131,31,90,31,121
10,4067,249,747,0,83,83,49,280,9,289
10,4068,972,972,0,12,12,339,1000,243,1243
10,4069,4069,4069,0,13,13,313,30,313,343
10,4077,9,27,0,9,9,453,1960,3,1963
10,4084,4084,4084,0,4,4,1021,310,1021,1331
10,4085,15,45,0,5,5,817,1720,9,1729
10,4085,215,645,0,10,5,817,1600,129,1729
10,4085,1995,1995,0,5,5,817,1000,1197,2197
10,4092,4092,4092,0,132,132,31,90,31,121
10,4095,105,315,0,35,35,117,280,9,289
10,4095,195,195,0,15,15,273,330,13,343
10,4095,595,595,0,35,35,117,130,17,147
10,4095,595,595,0,35,35,117,490,17,507
10,4108,316,948,0,4,4,1027,1960,237,2197
10,4114,66,198,0,22,22,187,280,9,289
10,4116,252,756,0,84,84,49,280,9,289
10,4123,1953,1953,0,1,1,4123,1000,5859,6859
10,4123,4123,4123,0,133,133,31,90,31,121
10,4128,24,36,0,8,4,1032,2200,9,2209
10,4130,126,1134,0,2,2,2065,2560,567,3127
10,4131,591,591,0,3,3,1377,2890,197,3087
10,4131,4131,4131,0,34,17,243,100,243,343
10,4147,3393,3393,0,13,13,319,1070,261,1331
10,4154,3038,3038,0,2,2,2077,2970,1519,4489
10,4154,4154,4154,0,2,2,2077,110,2077,2187
10,4154,4154,4154,0,134,134,31,90,31,121
10,4155,5,5,0,10,5,831,1700,1,1701
10,4158,42,126,0,14,14,297,520,9,529
10,4158,1134,3402,0,42,42,99,40,81,121
10,4159,4159,4159,0,2,1,4159,2700,4159,6859
10,4165,255,765,0,85,85,49,280,9,289
10,4171,3483,3483,0,1,1,4171,1000,10449,11449
10,4173,1391,4173,0,13,13,321,40,321,361
10,4182,2,2,0,2,2,2091,11270,1,11271
10,4182,6,6,0,2,2,2091,2870,3,2873
10,4182,18,6,0,2,2,2091,12250,9,12259
10,4182,26,26,0,2,2,2091,3690,13,3703
10,4185,4185,4185,0,135,135,31,90,31,121
10,4189,71,71,0,1,1,4189,6490,71,6561
10,4191,1,1,0,1,1,4191,5390,1,5391
10,4200,136,136,0,8,8,525,2170,17,2187
10,4212,108,324,0,36,36,117,280,9,289
10,4212,612,612,0,36,36,117,130,17,147
10,4212,612,612,0,36,36,117,490,17,507
10,4214,258,774,0,86,86,49,280,9,289
10,4214,602,602,0,28,14,301,300,43,343
10,4216,4216,4216,0,136,136,31,90,31,121
10,4219,4219,4219,0,1,1,4219,270,4219,4489
10,4242,486,162,0,2,2,2121,19250,243,19493
10,4247,4247,4247,0,137,137,31,90,31,121
10,4257,1161,3483,0,43,43,99,40,81,121
10,4263,203,203,0,14,7,609,700,29,729
10,4263,261,783,0,87,87,49,280,9,289
10,4263,1421,4263,0,14,7,609,1600,609,2209
10,4263,2457,2457,0,7,7,609,490,351,841
10,4266,186,186,0,6,6,711,6210,31,6241
10,4270,270,270,0,10,10,427,610,27,637
10,4276,4,4,0,8,4,1069,1700,1,1701
10,4278,4278,4278,0,138,138,31,90,31,121
10,4284,4,4,0,8,4,1071,1700,1,1701
10,4296,24,72,0,8,8,537,1960,9,1969
10,4296,56,392,0,8,8,537,1920,49,1969
10,4299,289,289,0,1,1,4299,32670,289,32959
10,4301,69,207,0,23,23,187,280,9,289
10,4309,4309,4309,0,139,139,31,90,31,121
10,4312,264,792,0,88,88,49,280,9,289
10,4329,111,333,0,37,37,117,280,9,289
10,4329,629,629,0,37,37,117,130,17,147
10,4329,629,629,0,37,37,117,490,17,507
10,4347,161,1127,0,7,7,621,640,161,801
10,4348,4348,4348,0,8,4,1087,1100,1087,2187
10,4356,1188,3564,0,44,44,99,40,81,121
10,4361,267,801,0,89,89,49,280,9,289
10,4368,208,208,0,16,16,273,330,13,343
10,4374,4374,4374,0,36,18,243,100,243,343
10,4382,4382,4382,0,14,14,313,30,313,343
10,4383,1029,1029,0,3,3,1461,8910,343,9253
10,4387,107,107,0,1,1,4387,4510,107,4617
10,4389,259,259,0,7,7,627,3230,37,3267
10,4392,216,648,0,8,8,549,760,81,841
10,4396,4,36,0,4,4,1099,2560,9,2569
10,4401,2601,2601,0,1,1,4401,3430,2601,6031
10,4407,1053,1053,0,13,13,339,1000,243,1243
10,4410,270,810,0,90,90,49,280,9,289
10,4427,19,19,0,4,1,4427,10000,19,10019
10,4431,243,81,0,1,1,4431,12250,243,12493
10,4431,567,1701,0,1,1,4431,4840,1701,6541
10,4431,633,633,0,4,1,4431,10000,633,10633
10,4431,961,961,0,1,1,4431,24570,961,25531
10,4431,1521,1521,0,1,1,4431,24010,1521,25531
10,4446,114,342,0,38,38,117,280,9,289
10,4446,646,646,0,38,38,117,130,17,147
10,4446,646,646,0,38,38,117,490,17,507
10,4455,45,135,0,15,15,297,520,9,529
10,4455,1215,3645,0,45,45,99,40,81,121
10,4459,273,819,0,91,91,49,280,9,289
10,4459,3479,3479,0,7,7,637,1690,497,2187
10,4466,3654,3654,0,14,14,319,1070,261,1331
10,4471,1,1,0,2,1,4471,7100,1,7101
10,4472,8,8,0,8,8,559,2430,1,2431
10,4472,4472,4472,0,8,8,559,170,559,729
10,4488,72,216,0,24,24,187,280,9,289
10,4494,1498,4494,0,14,14,321,40,321,361
10,4505,5,5,0,10,5,901,1700,1,1701
10,4505,265,265,0,5,5,901,3430,53,3483
10,4508,276,828,0,92,92,49,280,9,289
10,4515,645,645,0,30,15,301,300,43,343
10,4518,6,18,0,2,2,2259,4760,9,4769
10,4524,4356,1452,0,4,4,1131,250,1089,1339
10,4530,10,30,0,10,10,453,1960,3,1963
10,4554,726,2178,0,2,2,2277,1720,1089,2809
10,4554,1242,3726,0,46,46,99,40,81,121
10,4557,217,217,0,7,7,651,6530,31,6561
10,4557,243,729,0,1,1,4557,8680,729,9409
10,4557,279,837,0,93,93,49,280,9,289
10,4557,729,243,0,3,3,1519,12250,243,12493
10,4563,117,351,0,39,39,117,280,9,289
10,4563,663,663,0,39,39,117,130,17,147
10,4563,663,663,0,39,39,117,490,17,507
10,4569,2401,2401,0,1,1,4569,15230,2401,17631
10,4598,66,198,0,2,2,2299,6760,99,6859
10,4602,686,686,0,2,2,2301,2430,343,2773
10,4602,1014,3042,0,2,2,2301,1960,1521,3481
10,4602,4602,4602,0,4,2,2301,100,2301,2401
10,4606,282,846,0,94,94,49,280,9,289
10,4617,4617,4617,0,38,19,243,100,243,343
10,4636,76,76,0,4,4,1159,1830,19,1849
10,4641,13,13,0,2,1,4641,4900,13,4913
10,4641,221,221,0,17,17,273,330,13,343
10,4641,1701,1701,0,7,7,663,1000,729,1729
10,4653,1269,3807,0,47,47,99,40,81,121
10,4655,285,855,0,95,95,49,280,9,289
10,4662,42,42,0,12,6,777,4100,7,4107
10,4675,75,225,0,25,25,187,280,9,289
10,4680,120,360,0,40,40,117,280,9,289
10,4680,680,680,0,40,40,117,130,17,147
10,4680,680,680,0,40,40,117,490,17,507
10,4681,243,243,0,1,1,4681,49000,729,49729
10,4682,4682,4682,0,4,2,2341,2700,2341,5041
10,4683,243,243,0,1,1,4683,49000,729,49729
10,4686,1458,486,0,2,2,2343,2750,729,3479
10,4695,4695,4695,0,15,15,313,30,313,343
10,4697,297,297,0,11,11,427,610,27,637
10,4704,288,864,0,96,96,49,280,9,289
10,4725,153,153,0,9,9,525,2170,17,2187
10,4741,51,51,0,1,1,4741,13310,51,13361
10,4742,4742,4742,0,2,2,2371,30,2371,2401
10,4746,1134,1134,0,14,14,339,1000,243,1243
10,4752,48,144,0,16,16,297,520,9,529
10,4752,1296,3888,0,48,48,99,40,81,121
10,4753,291,873,0,97,97,49,280,9,289
10,4767,49,49,0,1,1,4767,6810,49,6859
10,4785,5,35,0,5,5,957,7040,7,7047
10,4785,3915,3915,0,15,15,319,1070,261,1331
10,4788,28,98,0,4,2,2394,3200,49,3249
10,4788,798,2793,0,6,3,1596,3200,931,4131
10,4795,2187,2187,0,1,1,4795,3430,2187,5617
10,4797,123,369,0,41,41,117,280,9,289
10,4797,697,697,0,41,41,117,130,17,147
10,4797,697,697,0,41,41,117,490,17,507
10,4802,294,882,0,98,98,49,280,9,289
10,4806,6,6,0,6,6,801,890,1,891
10,4806,4374,1458,0,6,6,801,250,729,979
10,4807,1,7,0,1,1,4807,12160,7,12167
10,4807,207,69,0,1,1,4807,30250,207,30457
10,4807,729,2187,0,1,1,4807,3080,2187,5267
10,4814,638,638,0,2,2,2407,6570,319,6889
10,4815,1605,4815,0,15,15,321,40,321,361
10,4816,688,688,0,32,16,301,300,43,343
10,4826,254,2286,0,2,2,2413,2560,1143,3703
10,4833,27,81,0,9,9,537,1960,9,1969
10,4833,63,441,0,9,9,537,1920,49,1969
10,4836,196,196,0,4,4,1209,5190,49,5239
10,4836,972,324,0,4,4,1209,12250,243,12493
10,4851,297,891,0,99,99,49,280,9,289
10,4851,1323,3969,0,49,49,99,40,81,121
10,4860,4860,4860,0,40,20,243,100,243,343
10,4862,54,162,0,2,2,2431,8840,81,8921
10,4862,78,234,0,26,26,187,280,9,289
10,4872,232,232,0,16,8,609,700,29,729
10,4872,1624,4872,0,16,8,609,1600,609,2209
10,4872,2808,2808,0,8,8,609,490,351,841
10,4876,636,636,0,4,4,1219,1210,159,1369
10,4893,213,213,0,3,3,1631,2330,71,2401
10,4900,300,900,0,100,100,49,280,9,289
10,4902,18,54,0,6,6,817,1720,9,1729
10,4902,258,774,0,12,6,817,1600,129,1729
10,4902,2394,2394,0,6,6,817,1000,1197,2197
10,4914,126,378,0,42,42,117,280,9,289
10,4914,234,234,0,18,18,273,330,13,343
10,4914,714,714,0,42,42,117,130,17,147
10,4914,714,714,0,42,42,117,490,17,507
10,4926,4926,4926,0,2,2,2463,17000,7389,24389
10,4927,2809,2809,0,1,1,4927,2430,2809,5239
10,4935,135,135,0,5,5,987,1000,81,1081
10,4935,235,235,0,10,5,987,4300,47,4347
10,4941,243,729,0,9,9,549,760,81,841
10,4949,303,909,0,101,101,49,280,9,289
10,4950,1350,4050,0,50,50,99,40,81,121
10,4956,4,4,0,4,4,1239,2890,1,2891
10,4956,4,4,0,4,4,1239,4130,1,4131
10,4956,4,4,0,8,4,1239,1700,1,1701
10,4956,204,204,0,4,4,1239,3430,51,3481
10,4959,2349,2349,0,1,1,4959,4510,2349,6859
10,4968,184,1288,0,8,8,621,640,161,801
10,4971,711,711,0,3,3,1657,16570,237,16807
10,4977,217,217,0,7,7,711,6210,31,6241
10,4977,2673,2673,0,3,3,1659,1510,891,2401
10,4981,293,293,0,2,1,4981,12100,293,12393
10,4983,11,33,0,11,11,453,1960,3,1963
10,4986,6,6,0,12,6,831,1700,1,1701
10,4995,55,55,0,5,5,999,1690,11,1701
10,4998,306,918,0,102,102,49,280,9,289
10,5005,5,5,0,5,5,1001,2890,1,2891
10,5005,65,65,0,10,5,1001,4900,13,4913
10,5005,117,117,0,1,1,5005,16690,117,16807
10,5008,5008,5008,0,16,16,313,30,313,343
10,5016,296,296,0,8,8,627,3230,37,3267
10,5029,1391,1391,0,1,1,5029,18490,1391,19881
10,5031,9,9,0,9,9,559,2430,1,2431
10,5031,13,13,0,1,1,5031,7190,13,7203
10,5031,117,117,0,3,3,1677,5290,39,5329
10,5031,129,387,0,43,43,117,280,9,289
10,5031,731,731,0,43,43,117,130,17,147
10,5031,731,731,0,43,43,117,490,17,507
10,5031,4761,1587,0,3,3,1677,10750,1587,12337
10,5031,5031,5031,0,9,9,559,170,559,729
10,5047,309,927,0,103,103,49,280,9,289
10,5049,51,153,0,17,17,297,520,9,529
10,5049,81,243,0,27,27,187,280,9,289
10,5049,1377,4131,0,51,51,99,40,81,121
10,5061,1,1,0,2,1,5061,14700,1,14701
10,5076,18,27,0,6,3,1692,2200,9,2209
10,5076,108,324,0,8,4,1269,1600,81,1681
10,5085,1215,1215,0,15,15,339,1000,243,1243
10,5096,312,936,0,104,104,49,280,9,289
10,5096,3976,3976,0,8,8,637,1690,497,2187
10,5103,5103,5103,0,42,21,243,100,243,343
10,5104,4176,4176,0,16,16,319,1070,261,1331
10,5105,5105,5105,0,5,5,1021,310,1021,1331
10,5106,6,6,0,4,2,2553,3700,3,3703
10,5109,269,269,0,1,1,5109,21870,269,22139
10,5117,731,731,0,34,17,301,300,43,343
10,5124,324,324,0,12,12,427,610,27,637
10,5135,395,1185,0,5,5,1027,1960,237,2197
10,5136,1712,5136,0,16,16,321,40,321,361
10,5145,315,945,0,105,105,49,280,9,289
10,5148,132,396,0,44,44,117,280,9,289
10,5148,748,748,0,44,44,117,130,17,147
10,5148,748,748,0,44,44,117,490,17,507
10,5148,1404,4212,0,52,52,99,40,81,121
10,5160,30,45,0,10,5,1032,2200,9,2209
10,5187,247,247,0,19,19,273,330,13,343
10,5187,1197,1197,0,3,3,1729,1000,1197,2197
10,5194,318,954,0,106,106,49,280,9,289
10,5208,248,248,0,8,8,651,6530,31,6561
10,5211,729,2187,0,3,3,1737,1480,729,2209
10,5236,4,4,0,4,4,1309,1330,1,1331
10,5236,4,4,0,8,4,1309,1700,1,1701
10,5236,76,76,0,4,4,1309,8330,19,8349
10,5236,84,252,0,28,28,187,280,9,289
10,5236,476,476,0,8,4,1309,5700,119,5819
10,5236,5236,5236,0,4,4,1309,230,1309,1539
10,5243,321,963,0,107,107,49,280,9,289
10,5247,1431,4293,0,53,53,99,40,81,121
10,5250,170,170,0,10,10,525,2170,17,2187
10,5265,135,405,0,45,45,117,280,9,289
10,5265,765,765,0,45,45,117,130,17,147
10,5265,765,765,0,45,45,117,490,17,507
10,5269,5269,5269,0,1,1,5269,1000,15807,16807
10,5274,4394,4394,0,2,2,2637,20510,2197,22707
10,5274,5274,1758,0,2,2,2637,3250,2637,5887
10,5278,2,2,0,4,2,2639,4900,1,4901
10,5289,1,1,0,1,1,5289,18490,1,18491
10,5292,324,972,0,108,108,49,280,9,289
10,5304,1944,1944,0,8,8,663,1000,729,1729
10,5313,363,363,0,3,3,1771,4410,121,4531
10,5313,3993,3993,0,3,3,1771,3430,1331,4761
10,5321,5321,5321,0,17,17,313,30,313,343
10,5337,9,27,0,1,1,5337,11240,27,11267
10,5341,327,981,0,109,109,49,280,9,289
10,5345,5,5,0,10,5,1069,1700,1,1701
10,5346,54,162,0,18,18,297,520,9,529
10,5346,1458,4374,0,54,54,99,40,81,121
10,5346,5346,5346,0,44,22,243,100,243,343
10,5355,5,5,0,10,5,1071,1700,1,1701
10,5358,18,162,0,2,2,2679,17920,81,18001
10,5370,30,90,0,10,10,537,1960,9,1969
10,5370,70,490,0,10,10,537,1920,49,1969
10,5382,138,414,0,46,46,117,280,9,289
10,5382,782,782,0,46,46,117,130,17,147
10,5382,782,782,0,46,46,117,490,17,507
10,5388,5388,5388,0,4,4,1347,1000,4041,5041
10,5390,2,14,0,2,2,2695,7040,7,7047
10,5390,330,990,0,110,110,49,280,9,289
10,5402,146,146,0,2,2,2701,19610,73,19683
10,5404,5404,5404,0,4,4,1351,330,1351,1681
10,5406,6,6,0,12,6,901,1700,1,1701
10,5406,318,318,0,6,6,901,3430,53,3483
10,5418,774,774,0,36,18,301,300,43,343
10,5421,1,1,0,1,1,5421,13310,1,13311
10,5421,1,1,0,1,1,5421,23490,1,23491
10,5423,87,261,0,29,29,187,280,9,289
10,5423,4437,4437,0,17,17,319,1070,261,1331
10,5424,1296,1296,0,16,16,339,1000,243,1243
10,5435,5435,5435,0,10,5,1087,1100,1087,2187
10,5436,12,36,0,12,12,453,1960,3,1963
10,5439,49,49,0,14,7,777,4100,7,4107
10,5439,333,999,0,111,111,49,280,9,289
10,5445,1485,4455,0,55,55,99,40,81,121
10,5457,1819,5457,0,17,17,321,40,321,361
10,5460,260,260,0,20,20,273,330,13,343
10,5474,18,18,0,2,2,2737,5810,9,5819
10,5474,162,54,0,2,2,2737,5750,81,5831
10,5474,1666,4998,0,2,2,2737,3320,2499,5819
10,5481,261,261,0,18,9,609,700,29,729
10,5481,1827,5481,0,18,9,609,1600,609,2209
10,5481,3159,3159,0,9,9,609,490,351,841
10,5488,336,1008,0,112,112,49,280,9,289
10,5490,270,810,0,10,10,549,760,81,841
10,5495,5,45,0,5,5,1099,2560,9,2569
10,5499,141,423,0,47,47,117,280,9,289
10,5499,799,799,0,47,47,117,130,17,147
10,5499,799,799,0,47,47,117,490,17,507
10,5508,788,788,0,4,4,1377,2890,197,3087
10,5526,486,486,0,2,2,2763,24010,243,24253
10,5537,339,1017,0,113,113,49,280,9,289
10,5544,28,98,0,4,2,2772,3200,49,3249
10,5544,1512,4536,0,56,56,99,40,81,121
10,5551,351,351,0,13,13,427,610,27,637
10,5577,49,49,0,1,1,5577,7970,49,8019
10,5577,2391,797,0,1,1,5577,12250,2391,14641
10,5586,342,1026,0,114,114,49,280,9,289
10,5589,207,1449,0,9,9,621,640,161,801
10,5589,5589,5589,0,46,23,243,100,243,343
10,5590,10,10,0,10,10,559,2430,1,2431
10,5590,5590,5590,0,10,10,559,170,559,729
10,5607,7,7,0,7,7,801,890,1,891
10,5607,801,2403,0,6,3,1869,1600,801,2401
10,5607,5103,1701,0,7,7,801,250,729,979
10,5610,90,270,0,30,30,187,280,9,289
10,5616,144,432,0,48,48,117,280,9,289
10,5616,816,816,0,48,48,117,130,17,147
10,5616,816,816,0,48,48,117,490,17,507
10,5634,5634,5634,0,18,18,313,30,313,343
10,5635,345,1035,0,115,115,49,280,9,289
10,5642,486,162,0,2,2,2821,12250,243,12493
10,5643,57,171,0,19,19,297,520,9,529
10,5643,333,333,0,9,9,627,3230,37,3267
10,5643,1539,4617,0,57,57,99,40,81,121
10,5643,3249,3249,0,3,3,1881,2690,1083,3773
10,5654,54,594,0,2,2,2827,10240,297,10537
10,5655,5445,1815,0,5,5,1131,250,1089,1339
10,5661,63,63,0,1,1,5661,13690,63,13753
10,5684,348,1044,0,116,116,49,280,9,289
10,5688,248,248,0,8,8,711,6210,31,6241
10,5694,6,18,0,2,2,2847,20440,9,20449
10,5694,74,814,0,2,2,2847,10240,407,10647
10,5694,518,518,0,2,2,2847,5070,259,5329
10,5707,439,439,0,2,1,5707,24300,439,24739
10,5719,21,63,0,7,7,817,1720,9,1729
10,5719,301,903,0,14,7,817,1600,129,1729
10,5719,817,817,0,38,19,301,300,43,343
10,5719,2793,2793,0,7,7,817,1000,1197,2197
10,5727,3519,3519,0,1,1,5727,3370,3519,6889
10,5733,147,441,0,49,49,117,280,9,289
10,5733,189,63,0,1,1,5733,42250,189,42439
10,5733,273,273,0,21,21,273,330,13,343
10,5733,351,1053,0,117,117,49,280,9,289
10,5733,833,833,0,49,49,117,130,17,147
10,5733,833,833,0,49,49,117,490,17,507
10,5733,4473,4473,0,9,9,637,1690,497,2187
10,5742,2,2,0,2,2,2871,13310,1,13311
10,5742,6,42,0,6,6,957,7040,7,7047
10,5742,1566,4698,0,58,58,99,40,81,121
10,5742,4698,4698,0,18,18,319,1070,261,1331
10,5751,1331,1331,0,1,1,5751,5230,1331,6561
10,5761,823,823,0,1,1,5761,8330,823,9153
10,5763,1377,1377,0,17,17,339,1000,243,1243
10,5775,187,187,0,11,11,525,2170,17,2187
10,5778,1926,5778,0,18,18,321,40,321,361
10,5782,354,1062,0,118,118,49,280,9,289
10,5795,95,95,0,5,5,1159,1830,19,1849
10,5797,93,279,0,31,31,187,280,9,289
10,5815,277,277,0,1,1,5815,11630,277,11907
10,5817,7,7,0,14,7,831,1700,1,1701
10,5831,357,1071,0,119,119,49,280,9,289
10,5832,5832,5832,0,48,24,243,100,243,343
10,5841,1593,4779,0,59,59,99,40,81,121
10,5844,1372,1372,0,4,4,1461,8910,343,9253
10,5850,150,450,0,50,50,117,280,9,289
10,5850,850,850,0,50,50,117,130,17,147
10,5850,850,850,0,50,50,117,490,17,507
10,5859,279,279,0,9,9,651,6530,31,6561
10,5863,1,3,0,1,1,5863,64000,9,64009
10,5863,2873,2873,0,1,1,5863,16810,2873,19683
10,5880,360,1080,0,120,120,49,280,9,289
10,5889,13,39,0,13,13,453,1960,3,1963
10,5899,1,1,0,1,1,5899,17000,3,17003
10,5907,33,99,0,11,11,537,1960,9,1969
10,5907,77,539,0,11,11,537,1920,49,1969
10,5922,42,147,0,6,3,1974,3200,49,3249
10,5922,162,162,0,6,6,987,1000,81,1081
10,5922,282,282,0,12,6,987,4300,47,4347
10,5929,363,1089,0,121,121,49,280,9,289
10,5940,60,180,0,20,20,297,520,9,529
10,5940,1620,4860,0,60,60,99,40,81,121
10,5947,5947,5947,0,19,19,313,30,313,343
10,5967,3,3,0,3,3,1989,2430,1,2431
10,5967,153,459,0,51,51,117,280,9,289
10,5967,867,867,0,51,51,117,130,17,147
10,5967,867,867,0,51,51,117,490,17,507
10,5967,2187,2187,0,9,9,663,1000,729,1729
10,5978,366,1098,0,122,122,49,280,9,289
10,5978,378,378,0,14,14,427,610,27,637
10,5983,1953,1953,0,1,1,5983,1000,5859,6859
10,5984,96,288,0,32,32,187,280,9,289
10,5994,66,66,0,6,6,999,1690,11,1701
10,6006,6,6,0,6,6,1001,2890,1,2891
10,6006,78,78,0,12,6,1001,4900,13,4913
10,6006,286,286,0,22,22,273,330,13,343
10,6020,860,860,0,40,20,301,300,43,343
10,6027,369,1107,0,123,123,49,280,9,289
10,6039,297,891,0,11,11,549,760,81,841
10,6039,1647,4941,0,61,61,99,40,81,121
10,6045,245,245,0,5,5,1209,5190,49,5239
10,6045,1215,405,0,5,5,1209,12250,243,12493
10,6061,361,361,0,1,1,6061,21870,361,22231
10,6061,4959,4959,0,19,19,319,1070,261,1331
10,6075,6075,6075,0,50,25,243,100,243,343
10,6076,372,1116,0,124,124,49,280,9,289
10,6076,972,324,0,4,4,1519,12250,243,12493
10,6084,156,468,0,52,52,117,280,9,289
10,6084,884,884,0,52,52,117,130,17,147
10,6084,884,884,0,52,52,117,490,17,507
10,6090,2,14,0,2,2,3045,7040,7,7047
10,6090,290,290,0,20,10,609,700,29,729
10,6090,2030,6090,0,20,10,609,1600,609,2209
10,6090,3510,3510,0,10,10,609,490,351,841
10,6095,795,795,0,5,5,1219,1210,159,1369
10,6097,57,19,0,1,1,6097,16750,57,16807
10,6097,729,729,0,1,1,6097,44890,729,45619
10,6099,2033,6099,0,19,19,321,40,321,361
10,6102,1458,1458,0,18,18,339,1000,243,1243
10,6114,2,14,0,2,2,3057,12160,7,12167
10,6125,375,1125,0,125,125,49,280,9,289
10,6126,6126,6126,0,6,6,1021,310,1021,1331
10,6138,1674,5022,0,62,62,99,40,81,121
10,6139,2631,2631,0,1,1,6139,5290,2631,7921
10,6149,11,11,0,11,11,559,2430,1,2431
10,6149,6149,6149,0,11,11,559,170,559,729
10,6162,474,1422,0,6,6,1027,1960,237,2197
10,6171,99,297,0,33,33,187,280,9,289
10,6174,378,1134,0,126,126,49,280,9,289
10,6192,36,54,0,12,6,1032,2200,9,2209
10,6195,5,5,0,5,5,1239,2890,1,2891
10,6195,5,5,0,5,5,1239,4130,1,4131
10,6195,5,5,0,10,5,1239,1700,1,1701
10,6195,189,1701,0,3,3,2065,2560,567,3127
10,6195,255,255,0,5,5,1239,3430,51,3481
10,6201,159,477,0,53,53,117,280,9,289
10,6201,901,901,0,53,53,117,130,17,147
10,6201,901,901,0,53,53,117,490,17,507
10,6204,12,18,0,4,2,3102,9400,9,9409
10,6210,230,1610,0,10,10,621,640,161,801
10,6216,56,56,0,16,8,777,4100,7,4107
10,6222,1782,1782,0,2,2,3111,2830,891,3721
10,6223,381,1143,0,127,127,49,280,9,289
10,6231,4557,4557,0,3,3,2077,2970,1519,4489
10,6231,6231,6231,0,3,3,2077,110,2077,2187
10,6235,1,7,0,1,1,6235,7040,7,7047
10,6237,63,189,0,21,21,297,520,9,529
10,6237,1701,5103,0,63,63,99,40,81,121
10,6249,47,141,0,1,1,6249,14440,141,14581
10,6254,5194,5194,0,2,2,3127,1000,7791,8791
10,6260,6260,6260,0,20,20,313,30,313,343
10,6270,370,370,0,10,10,627,3230,37,3267
10,6272,384,1152,0,128,128,49,280,9,289
10,6273,3,3,0,3,3,2091,11270,1,11271
10,6273,9,9,0,3,3,2091,2870,3,2873
10,6273,27,9,0,3,3,2091,12250,9,12259
10,6273,39,39,0,3,3,2091,3690,13,3703
10,6277,6277,6277,0,1,1,6277,10530,6277,16807
10,6279,299,299,0,23,23,273,330,13,343
10,6300,204,204,0,12,12,525,2170,17,2187
10,6307,7,7,0,14,7,901,1700,1,1701
10,6307,17,17,0,4,1,6307,10000,17,10017
10,6307,371,371,0,7,7,901,3430,53,3483
10,6318,162,486,0,54,54,117,280,9,289
10,6318,918,918,0,54,54,117,130,17,147
10,6318,918,918,0,54,54,117,490,17,507
10,6318,6318,6318,0,52,26,243,100,243,343
10,6321,387,1161,0,129,129,49,280,9,289
10,6321,903,903,0,42,21,301,300,43,343
10,6336,1728,5184,0,64,64,99,40,81,121
10,6342,14,42,0,14,14,453,1960,3,1963
10,6342,1862,1862,0,2,2,3171,21870,931,22801
10,6345,135,405,0,10,5,1269,1600,81,1681
10,6358,102,306,0,34,34,187,280,9,289
10,6363,729,243,0,3,3,2121,19250,243,19493
10,6370,390,1170,0,130,130,49,280,9,289
10,6370,4970,4970,0,10,10,637,1690,497,2187
10,6380,5220,5220,0,20,20,319,1070,261,1331
10,6384,28,98,0,4,2,3192,3200,49,3249
10,6384,1064,3724,0,8,4,1596,3200,931,4131
10,6399,279,279,0,9,9,711,6210,31,6241
10,6405,405,405,0,15,15,427,610,27,637
10,6408,8,8,0,8,8,801,890,1,891
10,6408,5832,1944,0,8,8,801,250,729,979
10,6414,6,6,0,12,6,1069,1700,1,1701
10,6417,2187,729,0,1,1,6417,32750,2187,34937
10,6419,393,1179,0,131,131,49,280,9,289
10,6420,2140,6420,0,20,20,321,40,321,361
10,6422,26,26,0,4,2,3211,4900,13,4913
10,6426,6,6,0,12,6,1071,1700,1,1701
10,6435,165,495,0,55,55,117,280,9,289
10,6435,935,935,0,55,55,117,130,17,147
10,6435,935,935,0,55,55,117,490,17,507
10,6435,1755,5265,0,65,65,99,40,81,121
10,6435,2187,2187,0,1,1,6435,16810,2187,18997
10,6441,1539,1539,0,19,19,339,1000,243,1243
10,6444,36,108,0,12,12,537,1960,9,1969
10,6444,84,588,0,12,12,537,1920,49,1969
10,6468,396,1188,0,132,132,49,280,9,289
10,6475,2187,2187,0,1,1,6475,37000,6561,43561
10,6501,363,363,0,1,1,6501,9290,363,9653
10,6510,310,310,0,10,10,651,6530,31,6561
10,6517,399,1197,0,133,133,49,280,9,289
10,6522,6522,6522,0,12,6,1087,1100,1087,2187
10,6524,284,284,0,4,4,1631,2330,71,2401
10,6534,66,198,0,22,22,297,520,9,529
10,6534,1782,5346,0,66,66,99,40,81,121
10,6536,24,72,0,8,8,817,1720,9,1729
10,6536,344,1032,0,16,8,817,1600,129,1729
10,6536,3192,3192,0,8,8,817,1000,1197,2197
10,6545,5,5,0,5,5,1309,1330,1,1331
10,6545,5,5,0,10,5,1309,1700,1,1701
10,6545,95,95,0,5,5,1309,8330,19,8349
10,6545,105,315,0,35,35,187,280,9,289
10,6545,595,595,0,10,5,1309,5700,119,5819
10,6545,6545,6545,0,5,5,1309,230,1309,1539
10,6552,168,504,0,56,56,117,280,9,289
10,6552,312,312,0,24,24,273,330,13,343
10,6552,952,952,0,56,56,117,130,17,147
10,6552,952,952,0,56,56,117,490,17,507
10,6561,6561,6561,0,54,27,243,100,243,343
10,6566,402,1206,0,134,134,49,280,9,289
10,6573,6573,6573,0,21,21,313,30,313,343
10,6588,324,972,0,12,12,549,760,81,841
10,6594,6,54,0,6,6,1099,2560,9,2569
10,6601,1701,1701,0,1,1,6601,50410,1701,52111
10,6615,405,1215,0,135,135,49,280,9,289
10,6622,946,946,0,44,22,301,300,43,343
10,6628,948,948,0,4,4,1657,16570,237,16807
10,6630,2430,2430,0,10,10,663,1000,729,1729
10,6631,67,201,0,1,1,6631,14440,201,14641
10,6633,1809,5427,0,67,67,99,40,81,121
10,6636,3564,3564,0,4,4,1659,1510,891,2401
10,6648,8,8,0,16,8,831,1700,1,1701
10,6664,408,1224,0,136,136,49,280,9,289
10,6669,171,513,0,57,57,117,280,9,289
10,6669,969,969,0,57,57,117,130,17,147
10,6669,969,969,0,57,57,117,490,17,507
10,6678,98,98,0,2,2,3339,6890,49,6939
10,6697,1,7,0,1,1,6697,7040,7,7047
10,6699,7,49,0,7,7,957,7040,7,7047
10,6699,319,319,0,22,11,609,700,29,729
10,6699,2233,6699,0,22,11,609,1600,609,2209
10,6699,3861,3861,0,11,11,609,490,351,841
10,6699,5481,5481,0,21,21,319,1070,261,1331
10,6708,12,12,0,12,12,559,2430,1,2431
10,6708,156,156,0,4,4,1677,5290,39,5329
10,6708,6348,2116,0,4,4,1677,10750,1587,12337
10,6708,6708,6708,0,12,12,559,170,559,729
10,6713,411,1233,0,137,137,49,280,9,289
10,6732,108,324,0,36,36,187,280,9,289
10,6732,1836,5508,0,68,68,99,40,81,121
10,6734,2738,2738,0,2,2,3367,13230,1369,14599
10,6735,6735,6735,0,5,5,1347,1000,4041,5041
10,6741,2247,6741,0,21,21,321,40,321,361
10,6755,6755,6755,0,5,5,1351,330,1351,1681
10,6762,414,1242,0,138,138,49,280,9,289
10,6768,24,36,0,8,4,1692,2200,9,2209
