U,V,d,su1,su2,su3,su4,su5,sv1,sv2,sv3,sv4,sv5,r,t,e,a,b,n
2,3,33,3,0,0,0,0,20,0,0,0,0,1,1,33,40,9,49
2,3,35,3,0,0,0,0,20,0,0,0,0,1,1,35,40,9,49
2,3,53,27,0,0,0,0,10,0,0,0,0,1,1,53,40,81,121
2,3,55,27,0,0,0,0,10,0,0,0,0,1,1,55,40,81,121
2,3,65,39,0,0,0,0,4,0,0,0,0,1,1,65,8,117,125
2,3,78,78,0,0,0,0,8,0,0,0,0,2,1,78,8,117,125
2,3,83,83,0,0,0,0,40,0,0,0,0,1,1,83,40,249,289
2,3,106,54,0,0,0,0,20,0,0,0,0,2,2,53,40,81,121
2,3,108,54,0,0,0,0,20,0,0,0,0,2,1,108,40,81,121
2,3,110,54,0,0,0,0,20,0,0,0,0,2,2,55,40,81,121
2,3,115,39,0,0,0,0,4,0,0,0,0,1,1,115,8,117,125
2,3,133,27,0,0,0,0,70,0,0,0,0,1,1,133,280,81,361
2,3,143,27,0,0,0,0,22,0,0,0,0,1,1,143,88,81,169
2,3,166,166,0,0,0,0,80,0,0,0,0,2,2,83,40,249,289
2,3,185,75,0,0,0,0,32,0,0,0,0,1,1,185,32,375,407
2,3,203,29,0,0,0,0,200,0,0,0,0,1,1,203,200,87,287
2,5,19,5,0,0,0,0,16,0,0,0,0,1,1,19,32,25,57
2,5,38,10,0,0,0,0,32,0,0,0,0,2,2,19,32,25,57
2,5,61,25,0,0,0,0,61,0,0,0,0,1,1,61,122,25,147
2,5,109,25,0,0,0,0,109,0,0,0,0,1,1,109,218,25,243
2,5,117,25,0,0,0,0,32,0,0,0,0,1,1,117,96,125,221
2,5,122,50,0,0,0,0,122,0,0,0,0,2,2,61,122,25,147
2,5,159,25,0,0,0,0,159,0,0,0,0,1,1,159,318,25,343
2,5,159,35,0,0,0,0,16,0,0,0,0,1,1,159,32,175,207
2,5,169,95,0,0,0,0,16,0,0,0,0,1,1,169,32,475,507
2,5,187,135,0,0,0,0,154,0,0,0,0,1,1,187,154,135,289
2,5,201,145,0,0,0,0,98,0,0,0,0,1,1,201,98,145,243
2,5,207,81,0,0,0,0,32,0,0,0,0,1,1,207,32,405,437
2,5,218,50,0,0,0,0,218,0,0,0,0,2,2,109,218,25,243
2,7,93,49,0,0,0,0,4,0,0,0,0,1,1,93,8,147,155
2,7,97,49,0,0,0,0,97,0,0,0,0,1,1,97,194,49,243
2,7,153,119,0,0,0,0,64,0,0,0,0,1,1,153,128,833,961
2,7,163,49,0,0,0,0,163,0,0,0,0,1,1,163,326,49,375
2,7,194,98,0,0,0,0,194,0,0,0,0,2,2,97,194,49,243
2,9,33,9,0,0,0,0,32,0,0,0,0,1,1,33,32,45,77
2,9,33,27,0,0,0,0,20,0,0,0,0,1,1,33,40,81,121
2,9,53,27,0,0,0,0,20,0,0,0,0,1,1,53,40,81,121
2,9,63,39,0,0,0,0,8,0,0,0,0,1,1,63,8,117,125
2,9,65,39,0,0,0,0,8,0,0,0,0,1,1,65,8,117,125
2,9,66,18,0,0,0,0,64,0,0,0,0,2,2,33,32,45,77
2,9,66,54,0,0,0,0,40,0,0,0,0,2,2,33,40,81,121
2,9,75,27,0,0,0,0,20,0,0,0,0,1,1,75,40,81,121
2,9,99,81,0,0,0,0,60,0,0,0,0,3,3,33,40,81,121
2,9,106,54,0,0,0,0,40,0,0,0,0,2,2,53,40,81,121
2,9,131,81,0,0,0,0,131,0,0,0,0,1,1,131,262,81,343
2,9,141,27,0,0,0,0,44,0,0,0,0,1,1,141,88,81,169
2,9,143,27,0,0,0,0,44,0,0,0,0,1,1,143,88,81,169
2,9,175,135,0,0,0,0,4,0,0,0,0,1,1,175,8,405,413
2,11,133,121,0,0,0,0,25,0,0,0,0,1,1,133,50,121,171
2,11,153,99,0,0,0,0,32,0,0,0,0,1,1,153,32,495,527
2,11,193,121,0,0,0,0,193,0,0,0,0,1,1,193,386,121,507
2,13,45,39,0,0,0,0,8,0,0,0,0,1,1,45,8,117,125
2,13,73,39,0,0,0,0,8,0,0,0,0,1,1,73,8,117,125
2,13,90,78,0,0,0,0,16,0,0,0,0,2,2,45,8,117,125
2,15,207,81,0,0,0,0,8,32,0,0,0,1,1,207,32,405,437
2,19,145,19,0,0,0,0,128,0,0,0,0,1,1,145,128,133,261
2,21,93,49,0,0,0,0,8,4,0,0,0,1,1,93,8,147,155
2,25,99,5,0,0,0,0,96,0,0,0,0,1,1,99,96,25,121
2,25,117,25,0,0,0,0,64,0,0,0,0,1,1,117,96,125,221
2,25,117,65,0,0,0,0,32,0,0,0,0,1,1,117,32,325,357
2,25,219,125,0,0,0,0,16,0,0,0,0,1,1,219,32,625,657
2,27,33,27,0,0,0,0,30,0,0,0,0,1,1,33,40,81,121
2,27,55,27,0,0,0,0,30,0,0,0,0,1,1,55,40,81,121
2,27,66,54,0,0,0,0,60,0,0,0,0,2,2,33,40,81,121
2,27,75,27,0,0,0,0,30,0,0,0,0,1,1,75,40,81,121
2,27,99,81,0,0,0,0,90,0,0,0,0,3,3,33,40,81,121
2,27,105,27,0,0,0,0,98,0,0,0,0,1,1,105,98,27,125
2,27,110,54,0,0,0,0,60,0,0,0,0,2,2,55,40,81,121
2,27,141,27,0,0,0,0,66,0,0,0,0,1,1,141,88,81,169
2,27,175,135,0,0,0,0,6,0,0,0,0,1,1,175,8,405,413
2,39,73,39,0,0,0,0,4,8,0,0,0,1,1,73,8,117,125
2,49,55,49,0,0,0,0,50,0,0,0,0,1,1,55,50,49,99
2,49,163,21,0,0,0,0,128,0,0,0,0,1,1,163,128,147,275
2,49,205,147,0,0,0,0,184,0,0,0,0,1,1,205,184,441,625
2,49,207,147,0,0,0,0,88,0,0,0,0,1,1,207,88,441,529
2,81,53,27,0,0,0,0,40,0,0,0,0,1,1,53,40,81,121
2,81,55,27,0,0,0,0,40,0,0,0,0,1,1,55,40,81,121
2,81,106,54,0,0,0,0,80,0,0,0,0,2,2,53,40,81,121
2,81,110,54,0,0,0,0,80,0,0,0,0,2,2,55,40,81,121
2,81,143,27,0,0,0,0,88,0,0,0,0,1,1,143,88,81,169
2,99,153,99,0,0,0,0,32,32,0,0,0,1,1,153,32,495,527
2,117,45,39,0,0,0,0,8,8,0,0,0,1,1,45,8,117,125
2,117,90,78,0,0,0,0,16,16,0,0,0,2,2,45,8,117,125
2,125,217,125,0,0,0,0,24,0,0,0,0,1,1,217,32,625,657
2,125,219,125,0,0,0,0,24,0,0,0,0,1,1,219,32,625,657
2,135,187,135,0,0,0,0,154,154,0,0,0,1,1,187,154,135,289
2,135,207,81,0,0,0,0,24,32,0,0,0,1,1,207,32,405,437
2,147,207,147,0,0,0,0,44,88,0,0,0,1,1,207,88,441,529
2,175,67,35,0,0,0,0,32,32,0,0,0,1,1,67,32,175,207
2,175,134,70,0,0,0,0,64,64,0,0,0,2,2,67,32,175,207
2,175,201,105,0,0,0,0,96,96,0,0,0,3,3,67,32,175,207
2,375,185,75,0,0,0,0,32,32,0,0,0,1,1,185,32,375,407
2,405,207,81,0,0,0,0,32,32,0,0,0,1,1,207,32,405,437
2,441,205,147,0,0,0,0,184,184,0,0,0,1,1,205,184,441,625
2,625,217,125,0,0,0,0,32,0,0,0,0,1,1,217,32,625,657
3,2,33,20,0,0,0,0,3,0,0,0,0,1,1,33,9,40,49
3,2,35,20,0,0,0,0,3,0,0,0,0,1,1,35,9,40,49
3,2,53,10,0,0,0,0,27,0,0,0,0,1,1,53,81,40,121
3,2,55,10,0,0,0,0,27,0,0,0,0,1,1,55,81,40,121
3,2,65,4,0,0,0,0,39,0,0,0,0,1,1,65,117,8,125
3,2,78,8,0,0,0,0,78,0,0,0,0,2,1,78,117,8,125
3,2,83,40,0,0,0,0,83,0,0,0,0,1,1,83,249,40,289
3,2,106,20,0,0,0,0,54,0,0,0,0,2,2,53,81,40,121
3,2,108,20,0,0,0,0,54,0,0,0,0,2,1,108,81,40,121
3,2,110,20,0,0,0,0,54,0,0,0,0,2,2,55,81,40,121
3,2,115,4,0,0,0,0,39,0,0,0,0,1,1,115,117,8,125
3,2,133,70,0,0,0,0,27,0,0,0,0,1,1,133,81,280,361
3,2,143,22,0,0,0,0,27,0,0,0,0,1,1,143,81,88,169
3,2,166,80,0,0,0,0,166,0,0,0,0,2,2,83,249,40,289
3,2,185,32,0,0,0,0,75,0,0,0,0,1,1,185,375,32,407
3,2,203,200,0,0,0,0,29,0,0,0,0,1,1,203,87,200,287
3,4,83,32,0,0,0,0,75,0,0,0,0,1,1,83,225,64,289
3,4,85,16,0,0,0,0,27,0,0,0,0,1,1,85,81,64,145
3,4,85,58,0,0,0,0,9,0,0,0,0,1,1,85,9,116,125
3,4,88,10,0,0,0,0,54,0,0,0,0,1,1,88,81,40,121
3,4,110,10,0,0,0,0,54,0,0,0,0,1,1,110,81,40,121
3,4,115,100,0,0,0,0,69,0,0,0,0,1,1,115,69,100,169
3,4,130,22,0,0,0,0,54,0,0,0,0,1,1,130,81,88,169
3,4,143,32,0,0,0,0,87,0,0,0,0,1,1,143,261,64,325
3,4,153,32,0,0,0,0,75,0,0,0,0,1,1,153,225,64,289
3,4,154,22,0,0,0,0,54,0,0,0,0,1,1,154,81,88,169
3,4,161,112,0,0,0,0,27,0,0,0,0,1,1,161,81,448,529
3,4,166,64,0,0,0,0,150,0,0,0,0,2,2,83,225,64,289
3,4,168,140,0,0,0,0,6,0,0,0,0,1,1,168,9,280,289
3,4,170,86,0,0,0,0,54,0,0,0,0,1,1,170,81,344,425
3,4,175,118,0,0,0,0,9,0,0,0,0,1,1,175,9,236,245
3,4,185,32,0,0,0,0,75,0,0,0,0,1,1,185,225,64,289
3,4,203,41,0,0,0,0,81,0,0,0,0,1,1,203,81,164,245
3,4,215,32,0,0,0,0,93,0,0,0,0,1,1,215,279,64,343
3,5,40,25,0,0,0,0,12,0,0,0,0,1,1,40,24,25,49
3,5,42,20,0,0,0,0,9,0,0,0,0,1,1,42,9,40,49
3,5,86,10,0,0,0,0,81,0,0,0,0,1,1,86,81,40,121
3,5,86,25,0,0,0,0,48,0,0,0,0,1,1,86,96,25,121
3,5,88,25,0,0,0,0,48,0,0,0,0,1,1,88,96,25,121
3,5,102,80,0,0,0,0,9,0,0,0,0,1,1,102,9,160,169
3,5,104,80,0,0,0,0,9,0,0,0,0,1,1,104,9,160,169
3,5,124,25,0,0,0,0,96,0,0,0,0,1,1,124,192,25,217
3,5,136,25,0,0,0,0,81,0,0,0,0,1,1,136,243,125,368
3,5,152,95,0,0,0,0,147,0,0,0,0,1,1,152,147,95,242
3,5,184,25,0,0,0,0,81,0,0,0,0,1,1,184,243,125,368
3,7,86,56,0,0,0,0,9,0,0,0,0,1,1,86,9,112,121
3,7,90,56,0,0,0,0,69,0,0,0,0,1,1,90,69,56,125
3,7,128,49,0,0,0,0,60,0,0,0,0,1,1,128,120,49,169
3,7,130,49,0,0,0,0,60,0,0,0,0,1,1,130,120,49,169
3,7,168,140,0,0,0,0,9,0,0,0,0,1,1,168,9,280,289
3,7,170,140,0,0,0,0,9,0,0,0,0,1,1,170,9,280,289
3,7,184,112,0,0,0,0,81,0,0,0,0,1,1,184,81,448,529
3,8,33,20,0,0,0,0,9,0,0,0,0,1,1,33,9,40,49
3,8,35,20,0,0,0,0,9,0,0,0,0,1,1,35,9,40,49
3,8,133,70,0,0,0,0,81,0,0,0,0,1,1,133,81,280,361
3,8,143,22,0,0,0,0,81,0,0,0,0,1,1,143,81,88,169
3,8,203,200,0,0,0,0,87,0,0,0,0,1,1,203,87,200,287
3,10,131,70,0,0,0,0,27,81,0,0,0,1,1,131,81,280,361
3,11,90,11,0,0,0,0,81,0,0,0,0,1,1,90,81,44,125
3,11,154,121,0,0,0,0,24,0,0,0,0,1,1,154,48,121,169
3,13,110,13,0,0,0,0,99,0,0,0,0,1,1,110,99,26,125
3,13,110,104,0,0,0,0,21,0,0,0,0,1,1,110,21,104,125
3,13,170,52,0,0,0,0,81,0,0,0,0,1,1,170,81,208,289
3,14,95,70,0,0,0,0,27,81,0,0,0,1,1,95,81,280,361
3,14,190,140,0,0,0,0,54,162,0,0,0,2,2,95,81,280,361
3,14,207,77,0,0,0,0,207,207,0,0,0,1,1,207,207,154,361
3,16,15,8,0,0,0,0,9,0,0,0,0,1,1,15,9,16,25
3,16,58,16,0,0,0,0,54,0,0,0,0,1,1,58,81,64,145
3,16,68,64,0,0,0,0,14,0,0,0,0,1,1,68,21,64,85
3,16,75,56,0,0,0,0,9,0,0,0,0,1,1,75,9,112,121
3,16,77,56,0,0,0,0,9,0,0,0,0,1,1,77,9,112,121
3,16,116,32,0,0,0,0,108,0,0,0,0,2,2,58,81,64,145
3,16,168,32,0,0,0,0,150,0,0,0,0,1,1,168,225,64,289
3,16,170,32,0,0,0,0,150,0,0,0,0,1,1,170,225,64,289
3,16,182,112,0,0,0,0,54,0,0,0,0,1,1,182,81,448,529
3,16,188,32,0,0,0,0,114,0,0,0,0,1,1,188,171,64,235
3,16,221,52,0,0,0,0,81,0,0,0,0,1,1,221,81,208,289
3,17,200,136,0,0,0,0,81,0,0,0,0,1,1,200,81,544,625
3,20,42,20,0,0,0,0,6,9,0,0,0,1,1,42,9,40,49
3,20,86,10,0,0,0,0,54,81,0,0,0,1,1,86,81,40,121
3,25,52,25,0,0,0,0,39,0,0,0,0,1,1,52,39,25,64
3,25,152,100,0,0,0,0,9,0,0,0,0,1,1,152,9,200,209
3,25,168,125,0,0,0,0,98,0,0,0,0,1,1,168,147,125,272
3,25,182,25,0,0,0,0,162,0,0,0,0,1,1,182,243,125,368
3,28,90,56,0,0,0,0,46,69,0,0,0,1,1,90,69,56,125
3,28,168,140,0,0,0,0,6,9,0,0,0,1,1,168,9,280,289
3,28,170,140,0,0,0,0,6,9,0,0,0,1,1,170,9,280,289
3,28,205,112,0,0,0,0,27,81,0,0,0,1,1,205,81,448,529
3,32,93,32,0,0,0,0,93,0,0,0,0,1,1,93,93,32,125
3,32,143,80,0,0,0,0,9,0,0,0,0,1,1,143,9,160,169
3,32,185,136,0,0,0,0,81,0,0,0,0,1,1,185,81,544,625
3,32,207,176,0,0,0,0,9,0,0,0,0,1,1,207,9,352,361
3,32,209,176,0,0,0,0,9,0,0,0,0,1,1,209,9,352,361
3,40,131,70,0,0,0,0,81,81,0,0,0,1,1,131,81,280,361
3,47,78,47,0,0,0,0,78,0,0,0,0,1,1,78,78,47,125
3,49,50,49,0,0,0,0,15,0,0,0,0,1,1,50,15,49,64
3,52,110,104,0,0,0,0,14,21,0,0,0,1,1,110,21,104,125
3,56,95,70,0,0,0,0,81,81,0,0,0,1,1,95,81,280,361
3,56,190,140,0,0,0,0,162,162,0,0,0,2,2,95,81,280,361
3,64,85,16,0,0,0,0,81,0,0,0,0,1,1,85,81,64,145
3,64,161,112,0,0,0,0,81,0,0,0,0,1,1,161,81,448,529
3,70,219,140,0,0,0,0,3,9,9,0,0,1,1,219,9,280,289
3,77,90,77,0,0,0,0,48,48,0,0,0,1,1,90,48,77,125
3,100,152,100,0,0,0,0,6,9,0,0,0,1,1,152,9,200,209
3,106,63,53,0,0,0,0,63,63,0,0,0,1,1,63,63,106,169
3,106,126,106,0,0,0,0,126,126,0,0,0,2,2,63,63,106,169
3,107,138,107,0,0,0,0,138,0,0,0,0,1,1,138,138,107,245
3,112,77,56,0,0,0,0,9,9,0,0,0,1,1,77,9,112,121
3,112,184,112,0,0,0,0,54,81,0,0,0,1,1,184,81,448,529
3,116,65,58,0,0,0,0,9,9,0,0,0,1,1,65,9,116,125
3,125,152,125,0,0,0,0,84,0,0,0,0,1,1,152,84,125,209
3,125,222,125,0,0,0,0,9,0,0,0,0,1,1,222,9,250,259
3,154,207,77,0,0,0,0,207,207,207,0,0,1,1,207,207,154,361
3,160,89,80,0,0,0,0,9,9,0,0,0,1,1,89,9,160,169
3,160,117,80,0,0,0,0,9,9,0,0,0,1,1,117,9,160,169
3,169,170,169,0,0,0,0,120,0,0,0,0,1,1,170,120,169,289
3,172,117,86,0,0,0,0,117,117,0,0,0,1,1,117,117,172,289
3,208,185,52,0,0,0,0,81,81,0,0,0,1,1,185,81,208,289
3,226,117,113,0,0,0,0,117,117,0,0,0,1,1,117,117,226,343
3,256,215,128,0,0,0,0,45,0,0,0,0,1,1,215,45,256,301
3,280,219,140,0,0,0,0,9,9,9,0,0,1,1,219,9,280,289
3,352,207,176,0,0,0,0,9,9,0,0,0,1,1,207,9,352,361
3,448,205,112,0,0,0,0,81,81,0,0,0,1,1,205,81,448,529
3,544,215,136,0,0,0,0,81,81,0,0,0,1,1,215,81,544,625
4,3,83,75,0,0,0,0,32,0,0,0,0,1,1,83,64,225,289
4,3,85,9,0,0,0,0,58,0,0,0,0,1,1,85,116,9,125
4,3,85,27,0,0,0,0,16,0,0,0,0,1,1,85,64,81,145
4,3,88,54,0,0,0,0,10,0,0,0,0,1,1,88,40,81,121
4,3,110,54,0,0,0,0,10,0,0,0,0,1,1,110,40,81,121
4,3,115,69,0,0,0,0,100,0,0,0,0,1,1,115,100,69,169
4,3,130,54,0,0,0,0,22,0,0,0,0,1,1,130,88,81,169
4,3,143,87,0,0,0,0,32,0,0,0,0,1,1,143,64,261,325
4,3,153,75,0,0,0,0,32,0,0,0,0,1,1,153,64,225,289
4,3,154,54,0,0,0,0,22,0,0,0,0,1,1,154,88,81,169
4,3,161,27,0,0,0,0,112,0,0,0,0,1,1,161,448,81,529
4,3,166,150,0,0,0,0,64,0,0,0,0,2,2,83,64,225,289
4,3,168,6,0,0,0,0,140,0,0,0,0,1,1,168,280,9,289
4,3,170,54,0,0,0,0,86,0,0,0,0,1,1,170,344,81,425
4,3,175,9,0,0,0,0,118,0,0,0,0,1,1,175,236,9,245
4,3,185,75,0,0,0,0,32,0,0,0,0,1,1,185,64,225,289
4,3,203,81,0,0,0,0,41,0,0,0,0,1,1,203,164,81,245
4,3,215,93,0,0,0,0,32,0,0,0,0,1,1,215,64,279,343
4,5,36,10,0,0,0,0,16,0,0,0,0,1,1,36,32,25,57
4,5,42,18,0,0,0,0,32,0,0,0,0,1,1,42,32,45,77
4,5,66,10,0,0,0,0,48,0,0,0,0,1,1,66,96,25,121
4,5,85,75,0,0,0,0,32,0,0,0,0,1,1,85,64,225,289
4,5,88,10,0,0,0,0,48,0,0,0,0,1,1,88,96,25,121
4,5,102,34,0,0,0,0,32,0,0,0,0,1,1,102,32,85,117
4,5,102,50,0,0,0,0,32,0,0,0,0,1,1,102,96,125,221
4,5,108,10,0,0,0,0,48,0,0,0,0,1,1,108,96,25,121
4,5,117,35,0,0,0,0,64,0,0,0,0,1,1,117,64,105,169
4,5,117,75,0,0,0,0,32,0,0,0,0,1,1,117,64,225,289
4,5,117,85,0,0,0,0,84,0,0,0,0,1,1,117,84,85,169
4,5,170,150,0,0,0,0,64,0,0,0,0,2,2,85,64,225,289
4,5,187,75,0,0,0,0,32,0,0,0,0,1,1,187,64,225,289
4,5,187,175,0,0,0,0,34,0,0,0,0,1,1,187,68,175,243
4,5,204,100,0,0,0,0,64,0,0,0,0,2,2,102,96,125,221
4,5,207,25,0,0,0,0,114,0,0,0,0,1,1,207,228,25,253
4,5,208,10,0,0,0,0,208,0,0,0,0,1,1,208,416,25,441
4,7,118,14,0,0,0,0,64,0,0,0,0,1,1,118,128,49,177
4,9,40,6,0,0,0,0,40,0,0,0,0,1,1,40,40,9,49
4,9,78,78,0,0,0,0,8,0,0,0,0,1,1,78,8,117,125
4,9,83,75,0,0,0,0,64,0,0,0,0,1,1,83,64,225,289
4,9,85,75,0,0,0,0,64,0,0,0,0,1,1,85,64,225,289
4,9,108,54,0,0,0,0,20,0,0,0,0,1,1,108,40,81,121
4,9,110,54,0,0,0,0,20,0,0,0,0,1,1,110,40,81,121
4,9,143,87,0,0,0,0,64,0,0,0,0,1,1,143,64,261,325
4,9,166,150,0,0,0,0,128,0,0,0,0,2,2,83,64,225,289
4,9,170,150,0,0,0,0,128,0,0,0,0,2,2,85,64,225,289
4,9,185,75,0,0,0,0,64,0,0,0,0,1,1,185,64,225,289
4,9,203,81,0,0,0,0,82,0,0,0,0,1,1,203,164,81,245
4,9,215,93,0,0,0,0,64,0,0,0,0,1,1,215,64,279,343
4,9,217,93,0,0,0,0,64,0,0,0,0,1,1,217,64,279,343
4,11,145,121,0,0,0,0,70,0,0,0,0,1,1,145,140,121,261
4,11,207,99,0,0,0,0,64,0,0,0,0,1,1,207,64,297,361
4,13,163,143,0,0,0,0,100,0,0,0,0,1,1,163,100,143,243
4,13,165,143,0,0,0,0,100,0,0,0,0,1,1,165,100,143,243
4,15,89,35,0,0,0,0,64,64,0,0,0,1,1,89,64,105,169
4,15,117,75,0,0,0,0,32,32,0,0,0,1,1,117,64,225,289
4,15,185,75,0,0,0,0,32,32,0,0,0,1,1,185,64,225,289
4,19,85,57,0,0,0,0,68,0,0,0,0,1,1,85,68,57,125
4,21,218,42,0,0,0,0,128,64,0,0,0,1,1,218,128,147,275
4,25,102,50,0,0,0,0,64,0,0,0,0,1,1,102,96,125,221
4,25,117,75,0,0,0,0,64,0,0,0,0,1,1,117,64,225,289
4,25,187,75,0,0,0,0,64,0,0,0,0,1,1,187,64,225,289
4,25,204,100,0,0,0,0,128,0,0,0,0,2,2,102,96,125,221
4,25,219,75,0,0,0,0,64,0,0,0,0,1,1,219,64,225,289
4,27,85,27,0,0,0,0,48,0,0,0,0,1,1,85,64,81,145
4,27,88,54,0,0,0,0,30,0,0,0,0,1,1,88,40,81,121
4,27,108,54,0,0,0,0,30,0,0,0,0,1,1,108,40,81,121
4,27,130,54,0,0,0,0,66,0,0,0,0,1,1,130,88,81,169
4,27,154,54,0,0,0,0,66,0,0,0,0,1,1,154,88,81,169
4,27,209,99,0,0,0,0,64,0,0,0,0,1,1,209,64,297,361
4,31,217,93,0,0,0,0,64,0,0,0,0,1,1,217,64,279,343
4,35,184,70,0,0,0,0,16,32,0,0,0,1,1,184,32,175,207
4,35,187,175,0,0,0,0,34,68,0,0,0,1,1,187,68,175,243
4,39,110,78,0,0,0,0,4,8,0,0,0,1,1,110,8,117,125
4,45,42,18,0,0,0,0,32,32,0,0,0,1,1,42,32,45,77
4,45,85,75,0,0,0,0,64,32,0,0,0,1,1,85,64,225,289
4,45,170,150,0,0,0,0,128,64,0,0,0,2,2,85,64,225,289
4,45,185,75,0,0,0,0,64,32,0,0,0,1,1,185,64,225,289
4,45,187,75,0,0,0,0,64,32,0,0,0,1,1,187,64,225,289
4,49,95,49,0,0,0,0,76,0,0,0,0,1,1,95,76,49,125
4,49,198,42,0,0,0,0,128,0,0,0,0,1,1,198,128,147,275
4,75,117,75,0,0,0,0,32,64,0,0,0,1,1,117,64,225,289
4,75,119,75,0,0,0,0,32,64,0,0,0,1,1,119,64,225,289
4,75,219,75,0,0,0,0,32,64,0,0,0,1,1,219,64,225,289
4,81,85,27,0,0,0,0,64,0,0,0,0,1,1,85,64,81,145
4,81,88,54,0,0,0,0,40,0,0,0,0,1,1,88,40,81,121
4,81,110,54,0,0,0,0,40,0,0,0,0,1,1,110,40,81,121
4,81,130,54,0,0,0,0,88,0,0,0,0,1,1,130,88,81,169
4,81,154,54,0,0,0,0,88,0,0,0,0,1,1,154,88,81,169
4,81,203,81,0,0,0,0,164,0,0,0,0,1,1,203,164,81,245
4,89,210,178,0,0,0,0,32,0,0,0,0,1,1,210,32,445,477
4,117,110,78,0,0,0,0,8,8,0,0,0,1,1,110,8,117,125
4,125,220,150,0,0,0,0,32,0,0,0,0,1,1,220,32,375,407
4,147,198,42,0,0,0,0,128,128,0,0,0,1,1,198,128,147,275
4,225,119,75,0,0,0,0,64,64,0,0,0,1,1,119,64,225,289
4,225,187,75,0,0,0,0,64,64,0,0,0,1,1,187,64,225,289
4,243,182,162,0,0,0,0,56,0,0,0,0,1,1,182,56,243,299
4,279,217,93,0,0,0,0,64,64,0,0,0,1,1,217,64,279,343
4,355,172,142,0,0,0,0,32,32,0,0,0,1,1,172,32,355,387
4,445,210,178,0,0,0,0,32,32,0,0,0,1,1,210,32,445,477
5,2,19,16,0,0,0,0,5,0,0,0,0,1,1,19,25,32,57
5,2,38,32,0,0,0,0,10,0,0,0,0,2,2,19,25,32,57
5,2,61,61,0,0,0,0,25,0,0,0,0,1,1,61,25,122,147
5,2,109,109,0,0,0,0,25,0,0,0,0,1,1,109,25,218,243
5,2,117,32,0,0,0,0,25,0,0,0,0,1,1,117,125,96,221
5,2,122,122,0,0,0,0,50,0,0,0,0,2,2,61,25,122,147
5,2,159,16,0,0,0,0,35,0,0,0,0,1,1,159,175,32,207
5,2,159,159,0,0,0,0,25,0,0,0,0,1,1,159,25,318,343
5,2,169,16,0,0,0,0,95,0,0,0,0,1,1,169,475,32,507
5,2,187,154,0,0,0,0,135,0,0,0,0,1,1,187,135,154,289
5,2,201,98,0,0,0,0,145,0,0,0,0,1,1,201,145,98,243
5,2,207,32,0,0,0,0,81,0,0,0,0,1,1,207,405,32,437
5,2,218,218,0,0,0,0,50,0,0,0,0,2,2,109,25,218,243
5,3,40,12,0,0,0,0,25,0,0,0,0,1,1,40,25,24,49
5,3,42,9,0,0,0,0,20,0,0,0,0,1,1,42,40,9,49
5,3,86,48,0,0,0,0,25,0,0,0,0,1,1,86,25,96,121
5,3,86,81,0,0,0,0,10,0,0,0,0,1,1,86,40,81,121
5,3,88,48,0,0,0,0,25,0,0,0,0,1,1,88,25,96,121
5,3,102,9,0,0,0,0,80,0,0,0,0,1,1,102,160,9,169
5,3,104,9,0,0,0,0,80,0,0,0,0,1,1,104,160,9,169
5,3,124,96,0,0,0,0,25,0,0,0,0,1,1,124,25,192,217
5,3,136,81,0,0,0,0,25,0,0,0,0,1,1,136,125,243,368
5,3,152,147,0,0,0,0,95,0,0,0,0,1,1,152,95,147,242
5,3,184,81,0,0,0,0,25,0,0,0,0,1,1,184,125,243,368
5,4,36,16,0,0,0,0,10,0,0,0,0,1,1,36,25,32,57
5,4,42,32,0,0,0,0,18,0,0,0,0,1,1,42,45,32,77
5,4,66,48,0,0,0,0,10,0,0,0,0,1,1,66,25,96,121
5,4,85,32,0,0,0,0,75,0,0,0,0,1,1,85,225,64,289
5,4,88,48,0,0,0,0,10,0,0,0,0,1,1,88,25,96,121
5,4,102,32,0,0,0,0,34,0,0,0,0,1,1,102,85,32,117
5,4,102,32,0,0,0,0,50,0,0,0,0,1,1,102,125,96,221
5,4,108,48,0,0,0,0,10,0,0,0,0,1,1,108,25,96,121
5,4,117,32,0,0,0,0,75,0,0,0,0,1,1,117,225,64,289
5,4,117,64,0,0,0,0,35,0,0,0,0,1,1,117,105,64,169
5,4,117,84,0,0,0,0,85,0,0,0,0,1,1,117,85,84,169
5,4,170,64,0,0,0,0,150,0,0,0,0,2,2,85,225,64,289
5,4,187,32,0,0,0,0,75,0,0,0,0,1,1,187,225,64,289
5,4,187,34,0,0,0,0,175,0,0,0,0,1,1,187,175,68,243
5,4,204,64,0,0,0,0,100,0,0,0,0,2,2,102,125,96,221
5,4,207,114,0,0,0,0,25,0,0,0,0,1,1,207,25,228,253
5,4,208,208,0,0,0,0,10,0,0,0,0,1,1,208,25,416,441
5,6,53,48,0,0,0,0,5,25,0,0,0,1,1,53,25,96,121
5,6,106,96,0,0,0,0,10,50,0,0,0,2,2,53,25,96,121
5,7,46,28,0,0,0,0,25,0,0,0,0,1,1,46,25,56,81
5,7,58,28,0,0,0,0,25,0,0,0,0,1,1,58,25,56,81
5,7,102,49,0,0,0,0,60,0,0,0,0,1,1,102,120,49,169
5,7,202,49,0,0,0,0,120,0,0,0,0,1,1,202,240,49,289
5,7,204,49,0,0,0,0,120,0,0,0,0,1,1,204,240,49,289
5,7,220,112,0,0,0,0,185,0,0,0,0,1,1,220,185,112,297
5,8,19,16,0,0,0,0,15,0,0,0,0,1,1,19,25,32,57
5,8,33,28,0,0,0,0,25,0,0,0,0,1,1,33,25,56,81
5,8,38,32,0,0,0,0,30,0,0,0,0,2,2,19,25,32,57
5,8,61,28,0,0,0,0,25,0,0,0,0,1,1,61,25,56,81
5,8,63,28,0,0,0,0,25,0,0,0,0,1,1,63,25,56,81
5,8,66,56,0,0,0,0,50,0,0,0,0,2,2,33,25,56,81
5,8,117,32,0,0,0,0,75,0,0,0,0,1,1,117,125,96,221
5,8,117,104,0,0,0,0,85,0,0,0,0,1,1,117,85,104,189
5,8,159,16,0,0,0,0,105,0,0,0,0,1,1,159,175,32,207
5,8,187,132,0,0,0,0,25,0,0,0,0,1,1,187,25,264,289
5,9,86,81,0,0,0,0,20,0,0,0,0,1,1,86,40,81,121
5,9,130,72,0,0,0,0,25,0,0,0,0,1,1,130,25,144,169
5,9,154,99,0,0,0,0,70,0,0,0,0,1,1,154,70,99,169
5,11,186,88,0,0,0,0,155,0,0,0,0,1,1,186,155,88,243
5,11,208,88,0,0,0,0,175,0,0,0,0,1,1,208,175,176,351
5,12,86,48,0,0,0,0,10,25,0,0,0,1,1,86,25,96,121
5,12,88,48,0,0,0,0,10,25,0,0,0,1,1,88,25,96,121
5,13,66,26,0,0,0,0,55,0,0,0,0,1,1,66,55,26,81
5,14,115,112,0,0,0,0,15,75,0,0,0,1,1,115,75,224,299
5,16,36,16,0,0,0,0,20,0,0,0,0,1,1,36,25,32,57
5,16,42,32,0,0,0,0,36,0,0,0,0,1,1,42,45,32,77
5,16,66,48,0,0,0,0,20,0,0,0,0,1,1,66,25,96,121
5,16,88,48,0,0,0,0,20,0,0,0,0,1,1,88,25,96,121
5,16,102,32,0,0,0,0,68,0,0,0,0,1,1,102,85,32,117
5,16,102,32,0,0,0,0,100,0,0,0,0,1,1,102,125,96,221
5,16,108,48,0,0,0,0,20,0,0,0,0,1,1,108,25,96,121
5,16,115,72,0,0,0,0,25,0,0,0,0,1,1,115,25,144,169
5,16,117,72,0,0,0,0,25,0,0,0,0,1,1,117,25,144,169
5,16,154,64,0,0,0,0,70,0,0,0,0,1,1,154,105,64,169
5,16,202,32,0,0,0,0,150,0,0,0,0,1,1,202,225,64,289
5,16,204,64,0,0,0,0,200,0,0,0,0,2,2,102,125,96,221
5,16,208,208,0,0,0,0,20,0,0,0,0,1,1,208,25,416,441
5,19,42,19,0,0,0,0,25,0,0,0,0,1,1,42,25,38,63
5,19,220,57,0,0,0,0,125,0,0,0,0,1,1,220,125,171,296
5,24,35,12,0,0,0,0,25,25,0,0,0,1,1,35,25,24,49
5,24,53,48,0,0,0,0,15,25,0,0,0,1,1,53,25,96,121
5,24,106,96,0,0,0,0,30,50,0,0,0,2,2,53,25,96,121
5,24,185,132,0,0,0,0,25,25,0,0,0,1,1,185,25,264,289
5,24,187,132,0,0,0,0,25,25,0,0,0,1,1,187,25,264,289
5,27,112,54,0,0,0,0,25,0,0,0,0,1,1,112,25,108,133
5,27,136,81,0,0,0,0,75,0,0,0,0,1,1,136,125,243,368
5,27,184,81,0,0,0,0,75,0,0,0,0,1,1,184,125,243,368
5,47,196,188,0,0,0,0,55,0,0,0,0,1,1,196,55,188,243
5,48,86,48,0,0,0,0,20,25,0,0,0,1,1,86,25,96,121
5,48,88,48,0,0,0,0,20,25,0,0,0,1,1,88,25,96,121
5,49,114,49,0,0,0,0,95,0,0,0,0,1,1,114,95,49,144
5,49,202,49,0,0,0,0,125,0,0,0,0,1,1,202,125,147,272
5,56,51,28,0,0,0,0,25,25,0,0,0,1,1,51,25,56,81
5,56,115,112,0,0,0,0,45,75,0,0,0,1,1,115,75,224,299
5,61,84,61,0,0,0,0,25,0,0,0,0,1,1,84,25,122,147
5,64,117,64,0,0,0,0,105,0,0,0,0,1,1,117,105,64,169
5,81,86,81,0,0,0,0,40,0,0,0,0,1,1,86,40,81,121
5,81,136,81,0,0,0,0,100,0,0,0,0,1,1,136,125,243,368
5,81,184,81,0,0,0,0,100,0,0,0,0,1,1,184,125,243,368
5,96,53,48,0,0,0,0,25,25,0,0,0,1,1,53,25,96,121
5,96,106,96,0,0,0,0,50,50,0,0,0,2,2,53,25,96,121
5,98,201,98,0,0,0,0,145,145,0,0,0,1,1,201,145,98,243
5,109,132,109,0,0,0,0,25,0,0,0,0,1,1,132,25,218,243
5,121,144,121,0,0,0,0,135,0,0,0,0,1,1,144,135,121,256
5,121,166,121,0,0,0,0,135,0,0,0,0,1,1,166,135,121,256
5,128,117,64,0,0,0,0,25,0,0,0,0,1,1,117,25,128,153
5,144,115,72,0,0,0,0,25,25,0,0,0,1,1,115,25,144,169
5,159,182,159,0,0,0,0,25,25,0,0,0,1,1,182,25,318,343
5,162,119,81,0,0,0,0,25,25,0,0,0,1,1,119,25,162,187
5,164,105,82,0,0,0,0,25,25,0,0,0,1,1,105,25,164,189
5,224,115,112,0,0,0,0,75,75,0,0,0,1,1,115,75,224,299
5,338,207,169,0,0,0,0,25,25,0,0,0,1,1,207,25,338,363
6,5,53,5,25,0,0,0,48,0,0,0,0,1,1,53,96,25,121
6,5,106,10,50,0,0,0,96,0,0,0,0,2,2,53,96,25,121
7,2,93,4,0,0,0,0,49,0,0,0,0,1,1,93,147,8,155
7,2,97,97,0,0,0,0,49,0,0,0,0,1,1,97,49,194,243
7,2,153,64,0,0,0,0,119,0,0,0,0,1,1,153,833,128,961
7,2,163,163,0,0,0,0,49,0,0,0,0,1,1,163,49,326,375
7,2,194,194,0,0,0,0,98,0,0,0,0,2,2,97,49,194,243
7,3,86,9,0,0,0,0,56,0,0,0,0,1,1,86,112,9,121
7,3,90,69,0,0,0,0,56,0,0,0,0,1,1,90,56,69,125
7,3,128,60,0,0,0,0,49,0,0,0,0,1,1,128,49,120,169
7,3,130,60,0,0,0,0,49,0,0,0,0,1,1,130,49,120,169
7,3,168,9,0,0,0,0,140,0,0,0,0,1,1,168,280,9,289
7,3,170,9,0,0,0,0,140,0,0,0,0,1,1,170,280,9,289
7,3,184,81,0,0,0,0,112,0,0,0,0,1,1,184,448,81,529
7,4,118,64,0,0,0,0,14,0,0,0,0,1,1,118,49,128,177
7,5,46,25,0,0,0,0,28,0,0,0,0,1,1,46,56,25,81
7,5,58,25,0,0,0,0,28,0,0,0,0,1,1,58,56,25,81
7,5,102,60,0,0,0,0,49,0,0,0,0,1,1,102,49,120,169
7,5,202,120,0,0,0,0,49,0,0,0,0,1,1,202,49,240,289
7,5,204,120,0,0,0,0,49,0,0,0,0,1,1,204,49,240,289
7,5,220,185,0,0,0,0,112,0,0,0,0,1,1,220,112,185,297
7,8,55,36,0,0,0,0,49,0,0,0,0,1,1,55,49,72,121
7,8,97,36,0,0,0,0,49,0,0,0,0,1,1,97,49,72,121
7,8,99,36,0,0,0,0,49,0,0,0,0,1,1,99,49,72,121
7,8,110,72,0,0,0,0,98,0,0,0,0,2,2,55,49,72,121
7,9,64,36,0,0,0,0,49,0,0,0,0,1,1,64,49,72,121
7,11,156,11,0,0,0,0,147,0,0,0,0,1,1,156,147,22,169
7,13,60,13,0,0,0,0,49,0,0,0,0,1,1,60,49,26,75
7,13,100,65,0,0,0,0,63,0,0,0,0,1,1,100,63,65,128
7,15,134,120,0,0,0,0,49,49,0,0,0,1,1,134,49,240,289
7,15,202,120,0,0,0,0,49,49,0,0,0,1,1,202,49,240,289
7,16,78,64,0,0,0,0,70,0,0,0,0,1,1,78,105,64,169
7,16,118,64,0,0,0,0,28,0,0,0,0,1,1,118,49,128,177
7,16,153,120,0,0,0,0,49,0,0,0,0,1,1,153,49,240,289
7,16,156,128,0,0,0,0,140,0,0,0,0,2,2,78,105,64,169
7,16,163,88,0,0,0,0,49,0,0,0,0,1,1,163,49,176,225
7,16,165,88,0,0,0,0,49,0,0,0,0,1,1,165,49,176,225
7,23,58,46,0,0,0,0,35,0,0,0,0,1,1,58,35,46,81
7,23,208,138,0,0,0,0,49,0,0,0,0,1,1,208,49,276,325
7,24,65,60,0,0,0,0,49,49,0,0,0,1,1,65,49,120,169
7,24,130,120,0,0,0,0,98,98,0,0,0,2,2,65,49,120,169
7,32,49,16,0,0,0,0,49,0,0,0,0,1,1,49,49,32,81
7,32,51,16,0,0,0,0,49,0,0,0,0,1,1,51,49,32,81
7,32,63,16,0,0,0,0,49,0,0,0,0,1,1,63,49,32,81
7,43,90,43,0,0,0,0,49,0,0,0,0,1,1,90,49,86,135
7,64,118,64,0,0,0,0,42,0,0,0,0,1,1,118,49,128,177
7,69,208,138,0,0,0,0,49,49,0,0,0,1,1,208,49,276,325
7,72,55,36,0,0,0,0,49,49,0,0,0,1,1,55,49,72,121
7,72,97,36,0,0,0,0,49,49,0,0,0,1,1,97,49,72,121
7,72,110,72,0,0,0,0,98,98,0,0,0,2,2,55,49,72,121
7,76,85,38,0,0,0,0,49,49,0,0,0,1,1,85,49,76,125
7,81,170,81,0,0,0,0,119,0,0,0,0,1,1,170,119,81,200
7,81,200,81,0,0,0,0,175,0,0,0,0,1,1,200,175,81,256
7,97,144,97,0,0,0,0,49,0,0,0,0,1,1,144,49,194,243
7,100,219,100,0,0,0,0,189,189,0,0,0,1,1,219,189,100,289
7,121,168,121,0,0,0,0,168,0,0,0,0,1,1,168,168,121,289
7,163,210,163,0,0,0,0,49,0,0,0,0,1,1,210,49,326,375
7,176,93,88,0,0,0,0,49,49,0,0,0,1,1,93,49,176,225
7,176,135,88,0,0,0,0,49,49,0,0,0,1,1,135,49,176,225
7,176,186,176,0,0,0,0,98,98,0,0,0,2,2,93,49,176,225
7,176,195,176,0,0,0,0,175,175,0,0,0,1,1,195,175,176,351
8,3,33,9,0,0,0,0,20,0,0,0,0,1,1,33,40,9,49
8,3,35,9,0,0,0,0,20,0,0,0,0,1,1,35,40,9,49
8,3,133,81,0,0,0,0,70,0,0,0,0,1,1,133,280,81,361
8,3,143,81,0,0,0,0,22,0,0,0,0,1,1,143,88,81,169
8,3,203,87,0,0,0,0,200,0,0,0,0,1,1,203,200,87,287
8,5,19,15,0,0,0,0,16,0,0,0,0,1,1,19,32,25,57
8,5,33,25,0,0,0,0,28,0,0,0,0,1,1,33,56,25,81
8,5,38,30,0,0,0,0,32,0,0,0,0,2,2,19,32,25,57
8,5,61,25,0,0,0,0,28,0,0,0,0,1,1,61,56,25,81
8,5,63,25,0,0,0,0,28,0,0,0,0,1,1,63,56,25,81
8,5,66,50,0,0,0,0,56,0,0,0,0,2,2,33,56,25,81
8,5,117,75,0,0,0,0,32,0,0,0,0,1,1,117,96,125,221
8,5,117,85,0,0,0,0,104,0,0,0,0,1,1,117,104,85,189
8,5,159,105,0,0,0,0,16,0,0,0,0,1,1,159,32,175,207
8,5,187,25,0,0,0,0,132,0,0,0,0,1,1,187,264,25,289
8,7,55,49,0,0,0,0,36,0,0,0,0,1,1,55,72,49,121
8,7,97,49,0,0,0,0,36,0,0,0,0,1,1,97,72,49,121
8,7,99,49,0,0,0,0,36,0,0,0,0,1,1,99,72,49,121
8,7,110,98,0,0,0,0,72,0,0,0,0,2,2,55,72,49,121
8,9,33,27,0,0,0,0,32,0,0,0,0,1,1,33,32,45,77
8,9,66,54,0,0,0,0,64,0,0,0,0,2,2,33,32,45,77
8,9,141,81,0,0,0,0,44,0,0,0,0,1,1,141,88,81,169
8,9,143,81,0,0,0,0,44,0,0,0,0,1,1,143,88,81,169
8,11,193,121,0,0,0,0,52,0,0,0,0,1,1,193,104,121,225
8,11,195,121,0,0,0,0,52,0,0,0,0,1,1,195,104,121,225
8,19,145,57,0,0,0,0,128,0,0,0,0,1,1,145,128,133,261
8,25,61,25,0,0,0,0,56,0,0,0,0,1,1,61,56,25,81
8,25,99,15,0,0,0,0,96,0,0,0,0,1,1,99,96,25,121
8,25,117,75,0,0,0,0,64,0,0,0,0,1,1,117,96,125,221
8,27,141,81,0,0,0,0,66,0,0,0,0,1,1,141,88,81,169
8,49,163,63,0,0,0,0,128,0,0,0,0,1,1,163,128,147,275
8,81,143,81,0,0,0,0,88,0,0,0,0,1,1,143,88,81,169
9,2,33,20,0,0,0,0,27,0,0,0,0,1,1,33,81,40,121
9,2,33,32,0,0,0,0,9,0,0,0,0,1,1,33,45,32,77
9,2,53,20,0,0,0,0,27,0,0,0,0,1,1,53,81,40,121
9,2,63,8,0,0,0,0,39,0,0,0,0,1,1,63,117,8,125
9,2,65,8,0,0,0,0,39,0,0,0,0,1,1,65,117,8,125
9,2,66,40,0,0,0,0,54,0,0,0,0,2,2,33,81,40,121
9,2,66,64,0,0,0,0,18,0,0,0,0,2,2,33,45,32,77
9,2,75,20,0,0,0,0,27,0,0,0,0,1,1,75,81,40,121
9,2,99,60,0,0,0,0,81,0,0,0,0,3,3,33,81,40,121
9,2,106,40,0,0,0,0,54,0,0,0,0,2,2,53,81,40,121
9,2,131,131,0,0,0,0,81,0,0,0,0,1,1,131,81,262,343
9,2,141,44,0,0,0,0,27,0,0,0,0,1,1,141,81,88,169
9,2,143,44,0,0,0,0,27,0,0,0,0,1,1,143,81,88,169
9,2,175,4,0,0,0,0,135,0,0,0,0,1,1,175,405,8,413
9,4,40,40,0,0,0,0,6,0,0,0,0,1,1,40,9,40,49
9,4,78,8,0,0,0,0,78,0,0,0,0,1,1,78,117,8,125
9,4,83,64,0,0,0,0,75,0,0,0,0,1,1,83,225,64,289
9,4,85,64,0,0,0,0,75,0,0,0,0,1,1,85,225,64,289
9,4,108,20,0,0,0,0,54,0,0,0,0,1,1,108,81,40,121
9,4,110,20,0,0,0,0,54,0,0,0,0,1,1,110,81,40,121
9,4,143,64,0,0,0,0,87,0,0,0,0,1,1,143,261,64,325
9,4,166,128,0,0,0,0,150,0,0,0,0,2,2,83,225,64,289
9,4,170,128,0,0,0,0,150,0,0,0,0,2,2,85,225,64,289
9,4,185,64,0,0,0,0,75,0,0,0,0,1,1,185,225,64,289
9,4,203,82,0,0,0,0,81,0,0,0,0,1,1,203,81,164,245
9,4,215,64,0,0,0,0,93,0,0,0,0,1,1,215,279,64,343
9,4,217,64,0,0,0,0,93,0,0,0,0,1,1,217,279,64,343
9,5,86,20,0,0,0,0,81,0,0,0,0,1,1,86,81,40,121
9,5,130,25,0,0,0,0,72,0,0,0,0,1,1,130,144,25,169
9,5,154,70,0,0,0,0,99,0,0,0,0,1,1,154,99,70,169
9,7,64,49,0,0,0,0,36,0,0,0,0,1,1,64,72,49,121
9,8,33,32,0,0,0,0,27,0,0,0,0,1,1,33,45,32,77
9,8,66,64,0,0,0,0,54,0,0,0,0,2,2,33,45,32,77
9,8,141,44,0,0,0,0,81,0,0,0,0,1,1,141,81,88,169
9,8,143,44,0,0,0,0,81,0,0,0,0,1,1,143,81,88,169
9,10,99,20,0,0,0,0,27,81,0,0,0,1,1,99,81,40,121
9,11,156,44,0,0,0,0,81,0,0,0,0,1,1,156,81,88,169
9,13,110,26,0,0,0,0,99,0,0,0,0,1,1,110,99,26,125
9,13,170,104,0,0,0,0,81,0,0,0,0,1,1,170,81,208,289
9,16,117,104,0,0,0,0,81,0,0,0,0,1,1,117,81,208,289
9,16,170,64,0,0,0,0,150,0,0,0,0,1,1,170,225,64,289
9,16,188,64,0,0,0,0,114,0,0,0,0,1,1,188,171,64,235
9,16,219,104,0,0,0,0,81,0,0,0,0,1,1,219,81,208,289
9,16,221,104,0,0,0,0,81,0,0,0,0,1,1,221,81,208,289
9,17,188,85,0,0,0,0,171,0,0,0,0,1,1,188,171,85,256
9,20,86,20,0,0,0,0,54,81,0,0,0,1,1,86,81,40,121
9,25,154,25,0,0,0,0,144,0,0,0,0,1,1,154,144,25,169
9,25,182,50,0,0,0,0,162,0,0,0,0,1,1,182,243,125,368
9,40,99,20,0,0,0,0,81,81,0,0,0,1,1,99,81,40,121
9,44,103,22,0,0,0,0,81,81,0,0,0,1,1,103,81,44,125
9,44,156,44,0,0,0,0,54,81,0,0,0,1,1,156,81,88,169
9,49,86,49,0,0,0,0,72,0,0,0,0,1,1,86,72,49,121
9,62,63,62,0,0,0,0,63,63,0,0,0,1,1,63,63,62,125
9,125,152,125,0,0,0,0,99,0,0,0,0,1,1,152,99,125,224
9,131,210,131,0,0,0,0,81,0,0,0,0,1,1,210,81,262,343
9,145,202,145,0,0,0,0,144,144,0,0,0,1,1,202,144,145,289
9,208,185,104,0,0,0,0,81,81,0,0,0,1,1,185,81,208,289
10,3,131,27,81,0,0,0,70,0,0,0,0,1,1,131,280,81,361
10,9,99,27,81,0,0,0,20,0,0,0,0,1,1,99,40,81,121
10,27,99,27,81,0,0,0,30,0,0,0,0,1,1,99,40,81,121
11,2,133,25,0,0,0,0,121,0,0,0,0,1,1,133,121,50,171
11,2,153,32,0,0,0,0,99,0,0,0,0,1,1,153,495,32,527
11,2,193,193,0,0,0,0,121,0,0,0,0,1,1,193,121,386,507
11,3,90,81,0,0,0,0,11,0,0,0,0,1,1,90,44,81,125
11,3,154,24,0,0,0,0,121,0,0,0,0,1,1,154,121,48,169
11,4,145,70,0,0,0,0,121,0,0,0,0,1,1,145,121,140,261
11,4,207,64,0,0,0,0,99,0,0,0,0,1,1,207,297,64,361
11,5,186,155,0,0,0,0,88,0,0,0,0,1,1,186,88,155,243
11,5,208,175,0,0,0,0,88,0,0,0,0,1,1,208,176,175,351
11,7,156,147,0,0,0,0,11,0,0,0,0,1,1,156,22,147,169
11,8,193,52,0,0,0,0,121,0,0,0,0,1,1,193,121,104,225
11,8,195,52,0,0,0,0,121,0,0,0,0,1,1,195,121,104,225
11,9,156,81,0,0,0,0,44,0,0,0,0,1,1,156,88,81,169
11,13,160,52,0,0,0,0,121,0,0,0,0,1,1,160,121,104,225
11,16,103,48,0,0,0,0,77,0,0,0,0,1,1,103,77,48,125
11,21,170,84,0,0,0,0,121,121,0,0,0,1,1,170,121,168,289
11,25,208,100,0,0,0,0,143,0,0,0,0,1,1,208,143,100,243
11,27,90,81,0,0,0,0,33,0,0,0,0,1,1,90,44,81,125
11,27,156,81,0,0,0,0,66,0,0,0,0,1,1,156,88,81,169
11,31,210,155,0,0,0,0,88,0,0,0,0,1,1,210,88,155,243
11,48,143,24,0,0,0,0,121,121,0,0,0,1,1,143,121,48,169
11,49,190,49,0,0,0,0,176,0,0,0,0,1,1,190,176,49,225
11,52,187,156,0,0,0,0,187,187,0,0,0,1,1,187,187,156,343
11,61,180,61,0,0,0,0,121,0,0,0,0,1,1,180,121,122,243
11,81,90,81,0,0,0,0,44,0,0,0,0,1,1,90,44,81,125
11,81,180,81,0,0,0,0,143,0,0,0,0,1,1,180,143,81,224
11,156,187,156,0,0,0,0,187,187,187,0,0,1,1,187,187,156,343
11,240,131,120,0,0,0,0,121,121,121,0,0,1,1,131,121,240,361
12,5,86,10,25,0,0,0,48,0,0,0,0,1,1,86,96,25,121
12,5,88,10,25,0,0,0,48,0,0,0,0,1,1,88,96,25,121
13,2,45,8,0,0,0,0,39,0,0,0,0,1,1,45,117,8,125
13,2,73,8,0,0,0,0,39,0,0,0,0,1,1,73,117,8,125
13,2,90,16,0,0,0,0,78,0,0,0,0,2,2,45,117,8,125
13,3,110,21,0,0,0,0,104,0,0,0,0,1,1,110,104,21,125
13,3,110,99,0,0,0,0,13,0,0,0,0,1,1,110,26,99,125
13,3,170,81,0,0,0,0,52,0,0,0,0,1,1,170,208,81,289
13,4,163,100,0,0,0,0,143,0,0,0,0,1,1,163,143,100,243
13,4,165,100,0,0,0,0,143,0,0,0,0,1,1,165,143,100,243
13,5,66,55,0,0,0,0,26,0,0,0,0,1,1,66,26,55,81
13,7,60,49,0,0,0,0,13,0,0,0,0,1,1,60,26,49,75
13,7,100,63,0,0,0,0,65,0,0,0,0,1,1,100,65,63,128
13,9,110,99,0,0,0,0,26,0,0,0,0,1,1,110,26,99,125
13,9,170,81,0,0,0,0,104,0,0,0,0,1,1,170,208,81,289
13,11,160,121,0,0,0,0,52,0,0,0,0,1,1,160,104,121,225
13,37,204,37,0,0,0,0,169,0,0,0,0,1,1,204,169,74,243
13,53,220,53,0,0,0,0,169,0,0,0,0,1,1,220,169,106,275
13,56,195,28,0,0,0,0,169,169,0,0,0,1,1,195,169,56,225
13,100,163,100,0,0,0,0,143,143,0,0,0,1,1,163,143,100,243
13,128,207,64,0,0,0,0,169,0,0,0,0,1,1,207,169,128,297
13,197,208,197,0,0,0,0,208,0,0,0,0,1,1,208,208,197,405
13,272,201,136,0,0,0,0,169,169,0,0,0,1,1,201,169,272,441
14,3,95,27,81,0,0,0,70,0,0,0,0,1,1,95,280,81,361
14,3,190,54,162,0,0,0,140,0,0,0,0,2,2,95,280,81,361
14,3,207,207,207,0,0,0,77,0,0,0,0,1,1,207,154,207,361
14,5,115,15,75,0,0,0,112,0,0,0,0,1,1,115,224,75,299
15,2,207,8,32,0,0,0,81,0,0,0,0,1,1,207,405,32,437
15,4,89,64,64,0,0,0,35,0,0,0,0,1,1,89,105,64,169
15,4,117,32,32,0,0,0,75,0,0,0,0,1,1,117,225,64,289
15,4,185,32,32,0,0,0,75,0,0,0,0,1,1,185,225,64,289
15,7,134,49,49,0,0,0,120,0,0,0,0,1,1,134,240,49,289
15,7,202,49,49,0,0,0,120,0,0,0,0,1,1,202,240,49,289
15,16,119,112,56,0,0,0,75,0,0,0,0,1,1,119,75,112,187
15,16,154,64,64,0,0,0,70,0,0,0,0,1,1,154,105,64,169
15,16,170,32,32,0,0,0,150,0,0,0,0,1,1,170,225,64,289
16,3,15,9,0,0,0,0,8,0,0,0,0,1,1,15,16,9,25
16,3,58,54,0,0,0,0,16,0,0,0,0,1,1,58,64,81,145
16,3,68,14,0,0,0,0,64,0,0,0,0,1,1,68,64,21,85
16,3,75,9,0,0,0,0,56,0,0,0,0,1,1,75,112,9,121
16,3,77,9,0,0,0,0,56,0,0,0,0,1,1,77,112,9,121
16,3,116,108,0,0,0,0,32,0,0,0,0,2,2,58,64,81,145
16,3,168,150,0,0,0,0,32,0,0,0,0,1,1,168,64,225,289
16,3,170,150,0,0,0,0,32,0,0,0,0,1,1,170,64,225,289
16,3,182,54,0,0,0,0,112,0,0,0,0,1,1,182,448,81,529
16,3,188,114,0,0,0,0,32,0,0,0,0,1,1,188,64,171,235
16,3,221,81,0,0,0,0,52,0,0,0,0,1,1,221,208,81,289
16,5,36,20,0,0,0,0,16,0,0,0,0,1,1,36,32,25,57
16,5,42,36,0,0,0,0,32,0,0,0,0,1,1,42,32,45,77
16,5,66,20,0,0,0,0,48,0,0,0,0,1,1,66,96,25,121
16,5,88,20,0,0,0,0,48,0,0,0,0,1,1,88,96,25,121
16,5,102,68,0,0,0,0,32,0,0,0,0,1,1,102,32,85,117
16,5,102,100,0,0,0,0,32,0,0,0,0,1,1,102,96,125,221
16,5,108,20,0,0,0,0,48,0,0,0,0,1,1,108,96,25,121
16,5,115,25,0,0,0,0,72,0,0,0,0,1,1,115,144,25,169
16,5,117,25,0,0,0,0,72,0,0,0,0,1,1,117,144,25,169
16,5,154,70,0,0,0,0,64,0,0,0,0,1,1,154,64,105,169
16,5,202,150,0,0,0,0,32,0,0,0,0,1,1,202,64,225,289
16,5,204,200,0,0,0,0,64,0,0,0,0,2,2,102,96,125,221
16,5,208,20,0,0,0,0,208,0,0,0,0,1,1,208,416,25,441
16,7,78,70,0,0,0,0,64,0,0,0,0,1,1,78,64,105,169
16,7,118,28,0,0,0,0,64,0,0,0,0,1,1,118,128,49,177
16,7,153,49,0,0,0,0,120,0,0,0,0,1,1,153,240,49,289
16,7,156,140,0,0,0,0,128,0,0,0,0,2,2,78,64,105,169
16,7,163,49,0,0,0,0,88,0,0,0,0,1,1,163,176,49,225
16,7,165,49,0,0,0,0,88,0,0,0,0,1,1,165,176,49,225
16,9,117,81,0,0,0,0,104,0,0,0,0,1,1,117,208,81,289
16,9,170,150,0,0,0,0,64,0,0,0,0,1,1,170,64,225,289
16,9,188,114,0,0,0,0,64,0,0,0,0,1,1,188,64,171,235
16,9,219,81,0,0,0,0,104,0,0,0,0,1,1,219,208,81,289
16,9,221,81,0,0,0,0,104,0,0,0,0,1,1,221,208,81,289
16,11,103,77,0,0,0,0,48,0,0,0,0,1,1,103,48,77,125
16,15,119,75,0,0,0,0,112,56,0,0,0,1,1,119,112,75,187
16,15,154,70,0,0,0,0,64,64,0,0,0,1,1,154,64,105,169
16,15,170,150,0,0,0,0,32,32,0,0,0,1,1,170,64,225,289
16,19,64,38,0,0,0,0,64,0,0,0,0,1,1,64,64,57,121
16,21,218,84,0,0,0,0,128,64,0,0,0,1,1,218,128,147,275
16,25,102,100,0,0,0,0,64,0,0,0,0,1,1,102,96,125,221
16,25,202,150,0,0,0,0,64,0,0,0,0,1,1,202,64,225,289
16,25,204,150,0,0,0,0,64,0,0,0,0,1,1,204,64,225,289
16,25,204,200,0,0,0,0,128,0,0,0,0,2,2,102,96,125,221
16,27,58,54,0,0,0,0,48,0,0,0,0,1,1,58,64,81,145
16,27,116,108,0,0,0,0,96,0,0,0,0,2,2,58,64,81,145
16,27,219,81,0,0,0,0,156,0,0,0,0,1,1,219,208,81,289
16,29,180,174,0,0,0,0,64,0,0,0,0,1,1,180,64,261,325
16,35,184,140,0,0,0,0,16,32,0,0,0,1,1,184,32,175,207
16,37,138,74,0,0,0,0,64,0,0,0,0,1,1,138,64,111,175
16,45,42,36,0,0,0,0,32,32,0,0,0,1,1,42,32,45,77
16,45,170,150,0,0,0,0,64,32,0,0,0,1,1,170,64,225,289
16,45,202,150,0,0,0,0,64,32,0,0,0,1,1,202,64,225,289
16,49,198,84,0,0,0,0,128,0,0,0,0,1,1,198,128,147,275
16,57,64,38,0,0,0,0,64,64,0,0,0,1,1,64,64,57,121
16,75,204,150,0,0,0,0,32,64,0,0,0,1,1,204,64,225,289
16,81,221,81,0,0,0,0,208,0,0,0,0,1,1,221,208,81,289
16,87,180,174,0,0,0,0,32,64,0,0,0,1,1,180,64,261,325
16,105,104,70,0,0,0,0,64,64,64,0,0,1,1,104,64,105,169
16,147,198,84,0,0,0,0,128,128,0,0,0,1,1,198,128,147,275
16,225,202,150,0,0,0,0,64,64,0,0,0,1,1,202,64,225,289
17,3,200,81,0,0,0,0,136,0,0,0,0,1,1,200,544,81,625
17,9,188,171,0,0,0,0,85,0,0,0,0,1,1,188,85,171,256
17,27,108,108,0,0,0,0,17,0,0,0,0,1,1,108,17,108,125
17,35,192,175,0,0,0,0,34,68,0,0,0,1,1,192,68,175,243
17,125,174,125,0,0,0,0,136,0,0,0,0,1,1,174,136,125,261
19,2,145,128,0,0,0,0,19,0,0,0,0,1,1,145,133,128,261
19,4,85,68,0,0,0,0,57,0,0,0,0,1,1,85,57,68,125
19,5,42,25,0,0,0,0,19,0,0,0,0,1,1,42,38,25,63
19,5,220,125,0,0,0,0,57,0,0,0,0,1,1,220,171,125,296
19,8,145,128,0,0,0,0,57,0,0,0,0,1,1,145,133,128,261
19,16,64,64,0,0,0,0,38,0,0,0,0,1,1,64,57,64,121
19,32,145,128,0,0,0,0,95,0,0,0,0,1,1,145,133,128,261
19,128,145,128,0,0,0,0,133,0,0,0,0,1,1,145,133,128,261
20,3,42,6,9,0,0,0,20,0,0,0,0,1,1,42,40,9,49
20,3,86,54,81,0,0,0,10,0,0,0,0,1,1,86,40,81,121
20,9,86,54,81,0,0,0,20,0,0,0,0,1,1,86,40,81,121
20,81,86,54,81,0,0,0,40,0,0,0,0,1,1,86,40,81,121
21,2,93,8,4,0,0,0,49,0,0,0,0,1,1,93,147,8,155
21,4,218,128,64,0,0,0,42,0,0,0,0,1,1,218,147,128,275
21,11,170,121,121,0,0,0,84,0,0,0,0,1,1,170,168,121,289
21,16,218,128,64,0,0,0,84,0,0,0,0,1,1,218,147,128,275
21,64,218,128,64,0,0,0,126,0,0,0,0,1,1,218,147,128,275
23,7,58,35,0,0,0,0,46,0,0,0,0,1,1,58,46,35,81
23,7,208,49,0,0,0,0,138,0,0,0,0,1,1,208,276,49,325
23,128,195,128,0,0,0,0,115,0,0,0,0,1,1,195,115,128,243
24,5,35,25,25,0,0,0,12,0,0,0,0,1,1,35,24,25,49
24,5,53,15,25,0,0,0,48,0,0,0,0,1,1,53,96,25,121
24,5,106,30,50,0,0,0,96,0,0,0,0,2,2,53,96,25,121
24,5,185,25,25,0,0,0,132,0,0,0,0,1,1,185,264,25,289
24,5,187,25,25,0,0,0,132,0,0,0,0,1,1,187,264,25,289
24,7,65,49,49,0,0,0,60,0,0,0,0,1,1,65,120,49,169
24,7,130,98,98,0,0,0,120,0,0,0,0,2,2,65,120,49,169
24,169,185,169,169,0,0,0,120,0,0,0,0,1,1,185,120,169,289
25,2,99,96,0,0,0,0,5,0,0,0,0,1,1,99,25,96,121
25,2,117,32,0,0,0,0,65,0,0,0,0,1,1,117,325,32,357
25,2,117,64,0,0,0,0,25,0,0,0,0,1,1,117,125,96,221
25,2,219,16,0,0,0,0,125,0,0,0,0,1,1,219,625,32,657
25,3,52,39,0,0,0,0,25,0,0,0,0,1,1,52,25,39,64
25,3,152,9,0,0,0,0,100,0,0,0,0,1,1,152,200,9,209
25,3,168,98,0,0,0,0,125,0,0,0,0,1,1,168,125,147,272
25,3,182,162,0,0,0,0,25,0,0,0,0,1,1,182,125,243,368
25,4,102,64,0,0,0,0,50,0,0,0,0,1,1,102,125,96,221
25,4,117,64,0,0,0,0,75,0,0,0,0,1,1,117,225,64,289
25,4,187,64,0,0,0,0,75,0,0,0,0,1,1,187,225,64,289
25,4,204,128,0,0,0,0,100,0,0,0,0,2,2,102,125,96,221
25,4,219,64,0,0,0,0,75,0,0,0,0,1,1,219,225,64,289
25,8,61,56,0,0,0,0,25,0,0,0,0,1,1,61,25,56,81
25,8,99,96,0,0,0,0,15,0,0,0,0,1,1,99,25,96,121
25,8,117,64,0,0,0,0,75,0,0,0,0,1,1,117,125,96,221
25,9,154,144,0,0,0,0,25,0,0,0,0,1,1,154,25,144,169
25,9,182,162,0,0,0,0,50,0,0,0,0,1,1,182,125,243,368
25,11,208,143,0,0,0,0,100,0,0,0,0,1,1,208,100,143,243
25,16,102,64,0,0,0,0,100,0,0,0,0,1,1,102,125,96,221
25,16,202,64,0,0,0,0,150,0,0,0,0,1,1,202,225,64,289
25,16,204,64,0,0,0,0,150,0,0,0,0,1,1,204,225,64,289
25,16,204,128,0,0,0,0,200,0,0,0,0,2,2,102,125,96,221
25,32,99,96,0,0,0,0,25,0,0,0,0,1,1,99,25,96,121
25,49,64,49,0,0,0,0,50,0,0,0,0,1,1,64,50,49,99
25,81,182,162,0,0,0,0,100,0,0,0,0,1,1,182,125,243,368
25,81,194,81,0,0,0,0,175,0,0,0,0,1,1,194,175,81,256
25,81,196,81,0,0,0,0,175,0,0,0,0,1,1,196,175,81,256
25,81,224,81,0,0,0,0,175,0,0,0,0,1,1,224,175,81,256
25,162,203,108,0,0,0,0,125,125,0,0,0,1,1,203,125,162,287
25,169,174,169,0,0,0,0,150,0,0,0,0,1,1,174,150,169,319
25,243,182,162,0,0,0,0,125,0,0,0,0,1,1,182,125,243,368
27,2,33,30,0,0,0,0,27,0,0,0,0,1,1,33,81,40,121
27,2,55,30,0,0,0,0,27,0,0,0,0,1,1,55,81,40,121
27,2,66,60,0,0,0,0,54,0,0,0,0,2,2,33,81,40,121
27,2,75,30,0,0,0,0,27,0,0,0,0,1,1,75,81,40,121
27,2,99,90,0,0,0,0,81,0,0,0,0,3,3,33,81,40,121
27,2,105,98,0,0,0,0,27,0,0,0,0,1,1,105,27,98,125
27,2,110,60,0,0,0,0,54,0,0,0,0,2,2,55,81,40,121
27,2,141,66,0,0,0,0,27,0,0,0,0,1,1,141,81,88,169
27,2,175,6,0,0,0,0,135,0,0,0,0,1,1,175,405,8,413
27,4,85,48,0,0,0,0,27,0,0,0,0,1,1,85,81,64,145
27,4,88,30,0,0,0,0,54,0,0,0,0,1,1,88,81,40,121
27,4,108,30,0,0,0,0,54,0,0,0,0,1,1,108,81,40,121
27,4,130,66,0,0,0,0,54,0,0,0,0,1,1,130,81,88,169
27,4,154,66,0,0,0,0,54,0,0,0,0,1,1,154,81,88,169
27,4,209,64,0,0,0,0,99,0,0,0,0,1,1,209,297,64,361
27,5,112,25,0,0,0,0,54,0,0,0,0,1,1,112,108,25,133
27,5,136,75,0,0,0,0,81,0,0,0,0,1,1,136,243,125,368
27,5,184,75,0,0,0,0,81,0,0,0,0,1,1,184,243,125,368
27,8,141,66,0,0,0,0,81,0,0,0,0,1,1,141,81,88,169
27,10,99,30,0,0,0,0,27,81,0,0,0,1,1,99,81,40,121
27,11,90,33,0,0,0,0,81,0,0,0,0,1,1,90,81,44,125
27,11,156,66,0,0,0,0,81,0,0,0,0,1,1,156,81,88,169
27,16,58,48,0,0,0,0,54,0,0,0,0,1,1,58,81,64,145
27,16,116,96,0,0,0,0,108,0,0,0,0,2,2,58,81,64,145
27,16,219,156,0,0,0,0,81,0,0,0,0,1,1,219,81,208,289
27,17,108,17,0,0,0,0,108,0,0,0,0,1,1,108,108,17,125
27,40,99,30,0,0,0,0,81,81,0,0,0,1,1,99,81,40,121
27,44,103,33,0,0,0,0,81,81,0,0,0,1,1,103,81,44,125
27,44,156,66,0,0,0,0,54,81,0,0,0,1,1,156,81,88,169
27,64,85,48,0,0,0,0,81,0,0,0,0,1,1,85,81,64,145
27,121,140,121,0,0,0,0,54,0,0,0,0,1,1,140,54,121,175
27,121,188,121,0,0,0,0,135,0,0,0,0,1,1,188,135,121,256
27,121,190,121,0,0,0,0,135,0,0,0,0,1,1,190,135,121,256
28,3,90,46,69,0,0,0,56,0,0,0,0,1,1,90,56,69,125
28,3,168,6,9,0,0,0,140,0,0,0,0,1,1,168,280,9,289
28,3,170,6,9,0,0,0,140,0,0,0,0,1,1,170,280,9,289
28,3,205,27,81,0,0,0,112,0,0,0,0,1,1,205,448,81,529
29,16,180,64,0,0,0,0,174,0,0,0,0,1,1,180,261,64,325
31,4,217,64,0,0,0,0,93,0,0,0,0,1,1,217,279,64,343
31,11,210,88,0,0,0,0,155,0,0,0,0,1,1,210,155,88,243
32,3,93,93,0,0,0,0,32,0,0,0,0,1,1,93,32,93,125
32,3,143,9,0,0,0,0,80,0,0,0,0,1,1,143,160,9,169
32,3,185,81,0,0,0,0,136,0,0,0,0,1,1,185,544,81,625
32,3,207,9,0,0,0,0,176,0,0,0,0,1,1,207,352,9,361
32,3,209,9,0,0,0,0,176,0,0,0,0,1,1,209,352,9,361
32,7,49,49,0,0,0,0,16,0,0,0,0,1,1,49,32,49,81
32,7,51,49,0,0,0,0,16,0,0,0,0,1,1,51,32,49,81
32,7,63,49,0,0,0,0,16,0,0,0,0,1,1,63,32,49,81
32,19,145,95,0,0,0,0,128,0,0,0,0,1,1,145,128,133,261
32,25,99,25,0,0,0,0,96,0,0,0,0,1,1,99,96,25,121
32,49,51,49,0,0,0,0,32,0,0,0,0,1,1,51,32,49,81
32,49,67,49,0,0,0,0,32,0,0,0,0,1,1,67,32,49,81
32,49,163,105,0,0,0,0,128,0,0,0,0,1,1,163,128,147,275
35,4,184,16,32,0,0,0,70,0,0,0,0,1,1,184,175,32,207
35,4,187,34,68,0,0,0,175,0,0,0,0,1,1,187,175,68,243
35,16,184,16,32,0,0,0,140,0,0,0,0,1,1,184,175,32,207
35,17,192,34,68,0,0,0,175,0,0,0,0,1,1,192,175,68,243
37,13,204,169,0,0,0,0,37,0,0,0,0,1,1,204,74,169,243
37,16,138,64,0,0,0,0,74,0,0,0,0,1,1,138,111,64,175
37,169,204,169,0,0,0,0,74,0,0,0,0,1,1,204,74,169,243
39,2,73,4,8,0,0,0,39,0,0,0,0,1,1,73,117,8,125
39,4,110,4,8,0,0,0,78,0,0,0,0,1,1,110,117,8,125
40,3,131,81,81,0,0,0,70,0,0,0,0,1,1,131,280,81,361
40,9,99,81,81,0,0,0,20,0,0,0,0,1,1,99,40,81,121
40,27,99,81,81,0,0,0,30,0,0,0,0,1,1,99,40,81,121
43,7,90,49,0,0,0,0,43,0,0,0,0,1,1,90,86,49,135
44,9,103,81,81,0,0,0,22,0,0,0,0,1,1,103,44,81,125
44,9,156,54,81,0,0,0,44,0,0,0,0,1,1,156,88,81,169
44,27,103,81,81,0,0,0,33,0,0,0,0,1,1,103,44,81,125
44,27,156,54,81,0,0,0,66,0,0,0,0,1,1,156,88,81,169
45,4,42,32,32,0,0,0,18,0,0,0,0,1,1,42,45,32,77
45,4,85,64,32,0,0,0,75,0,0,0,0,1,1,85,225,64,289
45,4,170,128,64,0,0,0,150,0,0,0,0,2,2,85,225,64,289
45,4,185,64,32,0,0,0,75,0,0,0,0,1,1,185,225,64,289
45,4,187,64,32,0,0,0,75,0,0,0,0,1,1,187,225,64,289
45,16,42,32,32,0,0,0,36,0,0,0,0,1,1,42,45,32,77
45,16,170,64,32,0,0,0,150,0,0,0,0,1,1,170,225,64,289
45,16,202,64,32,0,0,0,150,0,0,0,0,1,1,202,225,64,289
47,3,78,78,0,0,0,0,47,0,0,0,0,1,1,78,47,78,125
47,5,196,55,0,0,0,0,188,0,0,0,0,1,1,196,188,55,243
48,5,86,20,25,0,0,0,48,0,0,0,0,1,1,86,96,25,121
48,5,88,20,25,0,0,0,48,0,0,0,0,1,1,88,96,25,121
48,11,143,121,121,0,0,0,24,0,0,0,0,1,1,143,48,121,169
49,2,55,50,0,0,0,0,49,0,0,0,0,1,1,55,49,50,99
49,2,163,128,0,0,0,0,21,0,0,0,0,1,1,163,147,128,275
49,2,205,184,0,0,0,0,147,0,0,0,0,1,1,205,441,184,625
49,2,207,88,0,0,0,0,147,0,0,0,0,1,1,207,441,88,529
49,3,50,15,0,0,0,0,49,0,0,0,0,1,1,50,49,15,64
49,4,95,76,0,0,0,0,49,0,0,0,0,1,1,95,49,76,125
49,4,198,128,0,0,0,0,42,0,0,0,0,1,1,198,147,128,275
49,5,114,95,0,0,0,0,49,0,0,0,0,1,1,114,49,95,144
49,5,202,125,0,0,0,0,49,0,0,0,0,1,1,202,147,125,272
49,8,163,128,0,0,0,0,63,0,0,0,0,1,1,163,147,128,275
49,9,86,72,0,0,0,0,49,0,0,0,0,1,1,86,49,72,121
49,11,190,176,0,0,0,0,49,0,0,0,0,1,1,190,49,176,225
49,16,198,128,0,0,0,0,84,0,0,0,0,1,1,198,147,128,275
49,25,64,50,0,0,0,0,49,0,0,0,0,1,1,64,49,50,99
49,32,51,32,0,0,0,0,49,0,0,0,0,1,1,51,49,32,81
49,32,67,32,0,0,0,0,49,0,0,0,0,1,1,67,49,32,81
49,32,163,128,0,0,0,0,105,0,0,0,0,1,1,163,147,128,275
49,64,198,128,0,0,0,0,126,0,0,0,0,1,1,198,147,128,275
49,72,77,72,0,0,0,0,49,49,0,0,0,1,1,77,49,72,121
49,125,202,125,0,0,0,0,147,0,0,0,0,1,1,202,147,125,272
49,125,214,125,0,0,0,0,196,0,0,0,0,1,1,214,196,125,321
49,128,163,128,0,0,0,0,147,0,0,0,0,1,1,163,147,128,275
52,3,110,14,21,0,0,0,104,0,0,0,0,1,1,110,104,21,125
52,11,187,187,187,0,0,0,156,0,0,0,0,1,1,187,156,187,343
53,13,220,169,0,0,0,0,53,0,0,0,0,1,1,220,106,169,275
56,3,95,81,81,0,0,0,70,0,0,0,0,1,1,95,280,81,361
56,3,190,162,162,0,0,0,140,0,0,0,0,2,2,95,280,81,361
56,5,51,25,25,0,0,0,28,0,0,0,0,1,1,51,56,25,81
56,5,115,45,75,0,0,0,112,0,0,0,0,1,1,115,224,75,299
56,13,195,169,169,0,0,0,28,0,0,0,0,1,1,195,56,169,225
57,16,64,64,64,0,0,0,38,0,0,0,0,1,1,64,57,64,121
61,5,84,25,0,0,0,0,61,0,0,0,0,1,1,84,122,25,147
61,11,180,121,0,0,0,0,61,0,0,0,0,1,1,180,122,121,243
62,9,63,63,63,0,0,0,62,0,0,0,0,1,1,63,62,63,125
64,3,85,81,0,0,0,0,16,0,0,0,0,1,1,85,64,81,145
64,3,161,81,0,0,0,0,112,0,0,0,0,1,1,161,448,81,529
64,5,117,105,0,0,0,0,64,0,0,0,0,1,1,117,64,105,169
64,7,118,42,0,0,0,0,64,0,0,0,0,1,1,118,128,49,177
64,21,218,126,0,0,0,0,128,64,0,0,0,1,1,218,128,147,275
64,27,85,81,0,0,0,0,48,0,0,0,0,1,1,85,64,81,145
64,49,198,126,0,0,0,0,128,0,0,0,0,1,1,198,128,147,275
64,81,85,81,0,0,0,0,64,0,0,0,0,1,1,85,64,81,145
64,125,147,125,0,0,0,0,64,0,0,0,0,1,1,147,64,125,189
64,125,159,125,0,0,0,0,64,0,0,0,0,1,1,159,64,125,189
64,147,198,126,0,0,0,0,128,128,0,0,0,1,1,198,128,147,275
69,7,208,49,49,0,0,0,138,0,0,0,0,1,1,208,276,49,325
70,3,219,3,9,9,0,0,140,0,0,0,0,1,1,219,280,9,289
72,7,55,49,49,0,0,0,36,0,0,0,0,1,1,55,72,49,121
72,7,97,49,49,0,0,0,36,0,0,0,0,1,1,97,72,49,121
72,7,110,98,98,0,0,0,72,0,0,0,0,2,2,55,72,49,121
72,49,77,49,49,0,0,0,72,0,0,0,0,1,1,77,72,49,121
75,4,117,32,64,0,0,0,75,0,0,0,0,1,1,117,225,64,289
75,4,119,32,64,0,0,0,75,0,0,0,0,1,1,119,225,64,289
75,4,219,32,64,0,0,0,75,0,0,0,0,1,1,219,225,64,289
75,16,204,32,64,0,0,0,150,0,0,0,0,1,1,204,225,64,289
76,7,85,49,49,0,0,0,38,0,0,0,0,1,1,85,76,49,125
77,3,90,48,48,0,0,0,77,0,0,0,0,1,1,90,77,48,125
81,2,53,40,0,0,0,0,27,0,0,0,0,1,1,53,81,40,121
81,2,55,40,0,0,0,0,27,0,0,0,0,1,1,55,81,40,121
81,2,106,80,0,0,0,0,54,0,0,0,0,2,2,53,81,40,121
81,2,110,80,0,0,0,0,54,0,0,0,0,2,2,55,81,40,121
81,2,143,88,0,0,0,0,27,0,0,0,0,1,1,143,81,88,169
81,4,85,64,0,0,0,0,27,0,0,0,0,1,1,85,81,64,145
81,4,88,40,0,0,0,0,54,0,0,0,0,1,1,88,81,40,121
81,4,110,40,0,0,0,0,54,0,0,0,0,1,1,110,81,40,121
81,4,130,88,0,0,0,0,54,0,0,0,0,1,1,130,81,88,169
81,4,154,88,0,0,0,0,54,0,0,0,0,1,1,154,81,88,169
81,4,203,164,0,0,0,0,81,0,0,0,0,1,1,203,81,164,245
81,5,86,40,0,0,0,0,81,0,0,0,0,1,1,86,81,40,121
81,5,136,100,0,0,0,0,81,0,0,0,0,1,1,136,243,125,368
81,5,184,100,0,0,0,0,81,0,0,0,0,1,1,184,243,125,368
81,7,170,119,0,0,0,0,81,0,0,0,0,1,1,170,81,119,200
81,7,200,175,0,0,0,0,81,0,0,0,0,1,1,200,81,175,256
81,8,143,88,0,0,0,0,81,0,0,0,0,1,1,143,81,88,169
81,11,90,44,0,0,0,0,81,0,0,0,0,1,1,90,81,44,125
81,11,180,143,0,0,0,0,81,0,0,0,0,1,1,180,81,143,224
81,16,221,208,0,0,0,0,81,0,0,0,0,1,1,221,81,208,289
81,20,86,40,0,0,0,0,54,81,0,0,0,1,1,86,81,40,121
81,25,182,100,0,0,0,0,162,0,0,0,0,1,1,182,243,125,368
81,25,194,175,0,0,0,0,81,0,0,0,0,1,1,194,81,175,256
81,25,196,175,0,0,0,0,81,0,0,0,0,1,1,196,81,175,256
81,25,224,175,0,0,0,0,81,0,0,0,0,1,1,224,81,175,256
81,64,85,64,0,0,0,0,81,0,0,0,0,1,1,85,81,64,145
81,169,170,169,0,0,0,0,81,0,0,0,0,1,1,170,81,169,250
81,175,184,175,0,0,0,0,81,81,0,0,0,1,1,184,81,175,256
81,175,214,175,0,0,0,0,81,81,0,0,0,1,1,214,81,175,256
87,16,180,32,64,0,0,0,174,0,0,0,0,1,1,180,261,64,325
89,4,210,32,0,0,0,0,178,0,0,0,0,1,1,210,445,32,477
96,5,53,25,25,0,0,0,48,0,0,0,0,1,1,53,96,25,121
96,5,106,50,50,0,0,0,96,0,0,0,0,2,2,53,96,25,121
97,7,144,49,0,0,0,0,97,0,0,0,0,1,1,144,194,49,243
98,5,201,145,145,0,0,0,98,0,0,0,0,1,1,201,98,145,243
99,2,153,32,32,0,0,0,99,0,0,0,0,1,1,153,495,32,527
100,3,152,6,9,0,0,0,100,0,0,0,0,1,1,152,200,9,209
100,7,219,189,189,0,0,0,100,0,0,0,0,1,1,219,100,189,289
100,13,163,143,143,0,0,0,100,0,0,0,0,1,1,163,100,143,243
105,16,104,64,64,64,0,0,70,0,0,0,0,1,1,104,105,64,169
106,3,63,63,63,0,0,0,53,0,0,0,0,1,1,63,106,63,169
106,3,126,126,126,0,0,0,106,0,0,0,0,2,2,63,106,63,169
107,3,138,138,0,0,0,0,107,0,0,0,0,1,1,138,107,138,245
109,5,132,25,0,0,0,0,109,0,0,0,0,1,1,132,218,25,243
112,3,77,9,9,0,0,0,56,0,0,0,0,1,1,77,112,9,121
112,3,184,54,81,0,0,0,112,0,0,0,0,1,1,184,448,81,529
115,128,151,128,128,0,0,0,115,0,0,0,0,1,1,151,115,128,243
116,3,65,9,9,0,0,0,58,0,0,0,0,1,1,65,116,9,125
117,2,45,8,8,0,0,0,39,0,0,0,0,1,1,45,117,8,125
117,2,90,16,16,0,0,0,78,0,0,0,0,2,2,45,117,8,125
117,4,110,8,8,0,0,0,78,0,0,0,0,1,1,110,117,8,125
121,5,144,135,0,0,0,0,121,0,0,0,0,1,1,144,121,135,256
121,5,166,135,0,0,0,0,121,0,0,0,0,1,1,166,121,135,256
121,7,168,168,0,0,0,0,121,0,0,0,0,1,1,168,121,168,289
121,27,140,54,0,0,0,0,121,0,0,0,0,1,1,140,121,54,175
121,27,188,135,0,0,0,0,121,0,0,0,0,1,1,188,121,135,256
121,27,190,135,0,0,0,0,121,0,0,0,0,1,1,190,121,135,256
121,135,146,135,0,0,0,0,121,121,0,0,0,1,1,146,121,135,256
121,135,166,135,0,0,0,0,121,121,0,0,0,1,1,166,121,135,256
125,2,217,24,0,0,0,0,125,0,0,0,0,1,1,217,625,32,657
125,2,219,24,0,0,0,0,125,0,0,0,0,1,1,219,625,32,657
125,3,152,84,0,0,0,0,125,0,0,0,0,1,1,152,125,84,209
125,3,222,9,0,0,0,0,125,0,0,0,0,1,1,222,250,9,259
125,4,220,32,0,0,0,0,150,0,0,0,0,1,1,220,375,32,407
125,9,152,99,0,0,0,0,125,0,0,0,0,1,1,152,125,99,224
125,17,174,136,0,0,0,0,125,0,0,0,0,1,1,174,125,136,261
125,49,202,147,0,0,0,0,125,0,0,0,0,1,1,202,125,147,272
125,49,214,196,0,0,0,0,125,0,0,0,0,1,1,214,125,196,321
125,64,147,64,0,0,0,0,125,0,0,0,0,1,1,147,125,64,189
125,64,159,64,0,0,0,0,125,0,0,0,0,1,1,159,125,64,189
128,5,117,25,0,0,0,0,64,0,0,0,0,1,1,117,128,25,153
128,13,207,169,0,0,0,0,64,0,0,0,0,1,1,207,128,169,297
128,19,145,133,0,0,0,0,128,0,0,0,0,1,1,145,128,133,261
128,23,195,115,0,0,0,0,128,0,0,0,0,1,1,195,128,115,243
128,49,163,147,0,0,0,0,128,0,0,0,0,1,1,163,128,147,275
128,115,151,115,0,0,0,0,128,128,0,0,0,1,1,151,128,115,243
131,9,210,81,0,0,0,0,131,0,0,0,0,1,1,210,262,81,343
135,2,187,154,154,0,0,0,135,0,0,0,0,1,1,187,135,154,289
135,2,207,24,32,0,0,0,81,0,0,0,0,1,1,207,405,32,437
135,121,146,121,121,0,0,0,135,0,0,0,0,1,1,146,135,121,256
135,121,166,121,121,0,0,0,135,0,0,0,0,1,1,166,135,121,256
144,5,115,25,25,0,0,0,72,0,0,0,0,1,1,115,144,25,169
145,9,202,144,144,0,0,0,145,0,0,0,0,1,1,202,145,144,289
147,2,207,44,88,0,0,0,147,0,0,0,0,1,1,207,441,88,529
147,4,198,128,128,0,0,0,42,0,0,0,0,1,1,198,147,128,275
147,16,198,128,128,0,0,0,84,0,0,0,0,1,1,198,147,128,275
147,64,198,128,128,0,0,0,126,0,0,0,0,1,1,198,147,128,275
154,3,207,207,207,207,0,0,77,0,0,0,0,1,1,207,154,207,361
156,11,187,187,187,187,0,0,156,0,0,0,0,1,1,187,156,187,343
159,5,182,25,25,0,0,0,159,0,0,0,0,1,1,182,318,25,343
160,3,89,9,9,0,0,0,80,0,0,0,0,1,1,89,160,9,169
160,3,117,9,9,0,0,0,80,0,0,0,0,1,1,117,160,9,169
162,5,119,25,25,0,0,0,81,0,0,0,0,1,1,119,162,25,187
162,25,203,125,125,0,0,0,108,0,0,0,0,1,1,203,162,125,287
163,7,210,49,0,0,0,0,163,0,0,0,0,1,1,210,326,49,375
164,5,105,25,25,0,0,0,82,0,0,0,0,1,1,105,164,25,189
169,3,170,120,0,0,0,0,169,0,0,0,0,1,1,170,169,120,289
169,24,185,120,0,0,0,0,169,169,0,0,0,1,1,185,169,120,289
169,25,174,150,0,0,0,0,169,0,0,0,0,1,1,174,169,150,319
169,37,204,74,0,0,0,0,169,0,0,0,0,1,1,204,169,74,243
169,81,170,81,0,0,0,0,169,0,0,0,0,1,1,170,169,81,250
172,3,117,117,117,0,0,0,86,0,0,0,0,1,1,117,172,117,289
175,2,67,32,32,0,0,0,35,0,0,0,0,1,1,67,175,32,207
175,2,134,64,64,0,0,0,70,0,0,0,0,2,2,67,175,32,207
175,2,201,96,96,0,0,0,105,0,0,0,0,3,3,67,175,32,207
175,81,184,81,81,0,0,0,175,0,0,0,0,1,1,184,175,81,256
175,81,214,81,81,0,0,0,175,0,0,0,0,1,1,214,175,81,256
176,7,93,49,49,0,0,0,88,0,0,0,0,1,1,93,176,49,225
176,7,135,49,49,0,0,0,88,0,0,0,0,1,1,135,176,49,225
176,7,186,98,98,0,0,0,176,0,0,0,0,2,2,93,176,49,225
176,7,195,175,175,0,0,0,176,0,0,0,0,1,1,195,176,175,351
197,13,208,208,0,0,0,0,197,0,0,0,0,1,1,208,197,208,405
208,3,185,81,81,0,0,0,52,0,0,0,0,1,1,185,208,81,289
208,9,185,81,81,0,0,0,104,0,0,0,0,1,1,185,208,81,289
224,5,115,75,75,0,0,0,112,0,0,0,0,1,1,115,224,75,299
225,4,119,64,64,0,0,0,75,0,0,0,0,1,1,119,225,64,289
225,4,187,64,64,0,0,0,75,0,0,0,0,1,1,187,225,64,289
225,16,202,64,64,0,0,0,150,0,0,0,0,1,1,202,225,64,289
226,3,117,117,117,0,0,0,113,0,0,0,0,1,1,117,226,117,343
240,11,131,121,121,121,0,0,120,0,0,0,0,1,1,131,240,121,361
243,4,182,56,0,0,0,0,162,0,0,0,0,1,1,182,243,56,299
243,25,182,125,0,0,0,0,162,0,0,0,0,1,1,182,243,125,368
256,3,215,45,0,0,0,0,128,0,0,0,0,1,1,215,256,45,301
272,13,201,169,169,0,0,0,136,0,0,0,0,1,1,201,272,169,441
279,4,217,64,64,0,0,0,93,0,0,0,0,1,1,217,279,64,343
280,3,219,9,9,9,0,0,140,0,0,0,0,1,1,219,280,9,289
338,5,207,25,25,0,0,0,169,0,0,0,0,1,1,207,338,25,363
352,3,207,9,9,0,0,0,176,0,0,0,0,1,1,207,352,9,361
355,4,172,32,32,0,0,0,142,0,0,0,0,1,1,172,355,32,387
375,2,185,32,32,0,0,0,75,0,0,0,0,1,1,185,375,32,407
405,2,207,32,32,0,0,0,81,0,0,0,0,1,1,207,405,32,437
441,2,205,184,184,0,0,0,147,0,0,0,0,1,1,205,441,184,625
445,4,210,32,32,0,0,0,178,0,0,0,0,1,1,210,445,32,477
448,3,205,81,81,0,0,0,112,0,0,0,0,1,1,205,448,81,529
544,3,215,81,81,0,0,0,136,0,0,0,0,1,1,215,544,81,625
625,2,217,32,0,0,0,0,125,0,0,0,0,1,1,217,625,32,657
