r,a,b,n,s,c,d,m,D,k_lo,k_hi,radprod1,radprod2,support1,support2
5,1,180224,180225,38,1,180224,180225,6848550,258,759,29370,29370,4895,4895
1,1,137780,137781,50,1,137780,137781,6889050,985,2755,17430,17430,2905,2905
1,428750,1874161,2302911,3,428750,1874161,2302911,6908733,16450,48365,101010,101010,16835,16835
1,158949,161051,320000,22,158949,161051,320000,7040000,2286,6678,66990,66990,11165,11165
7,158949,161051,320000,22,158949,161051,320000,7040000,327,954,66990,66990,11165,11165
1,714025,1057536,1771561,4,714025,1057536,1771561,7086244,12655,36893,72930,72930,12155,12155
3,180075,371293,551368,13,180075,371293,551368,7167784,1313,3812,111930,111930,18655,18655
1,1,512000,512001,14,1,512000,512001,7168014,3658,10621,9030,9030,1505,1505
3,1,512000,512001,14,1,512000,512001,7168014,1220,3540,9030,9030,1505,1505
9,1,512000,512001,14,1,512000,512001,7168014,407,1180,9030,9030,1505,1505
1,322102,703125,1025227,7,322102,703125,1025227,7176589,7324,21260,140910,140910,23485,23485
1,132651,588245,720896,10,132651,588245,720896,7208960,5150,13265,39270,39270,6545,6545
1,292259,371293,663552,11,292259,371293,663552,7299072,4740,13682,139854,139854,23309,23309
3,292259,371293,663552,11,292259,371293,663552,7299072,1580,4560,139854,139854,23309,23309
9,177147,344605,521752,14,177147,344605,521752,7304528,415,1195,94710,94710,15785,15785
1,296875,371293,668168,11,296875,371293,668168,7349848,4773,13746,41990,41990,20995,20995
1,1,1050624,1050625,7,1,1050624,1050625,7354375,7505,21610,23370,23370,3895,3895
2,1,1050624,1050625,7,1,1050624,1050625,7354375,3753,10805,23370,23370,3895,3895
1,131072,221875,352947,21,131072,221875,352947,7411887,2522,6241,14910,14910,2485,2485
5,240625,290816,531441,14,240625,290816,531441,7440174,760,2177,164010,164010,27335,27335
1,1,688127,688128,11,1,688127,688128,7569408,4916,14018,21714,21714,3619,3619
2,1,688127,688128,11,1,688127,688128,7569408,2458,7009,21714,21714,3619,3619
4,1,688127,688128,11,1,688127,688128,7569408,1229,3504,21714,21714,3619,3619
6,1,688127,688128,11,1,688127,688128,7569408,820,2336,21714,21714,3619,3619
1,156250,1113879,1270129,6,156250,1113879,1270129,7620774,9073,25817,62790,62790,10465,10465
1,1,512000,512001,15,1,512000,512001,7680015,3658,10380,9030,9030,1505,1505
2,1,512000,512001,15,1,512000,512001,7680015,1829,5190,9030,9030,1505,1505
7,1,512000,512001,15,1,512000,512001,7680015,523,1482,9030,9030,1505,1505
8,1,512000,512001,15,1,512000,512001,7680015,458,1297,9030,9030,1505,1505
14,1,512000,512001,15,1,512000,512001,7680015,262,741,9030,9030,1505,1505
3,1,777924,777925,10,1,777924,777925,7779250,1853,5234,225330,225330,37555,37555
1,941192,1011933,1953125,4,941192,1011933,1953125,7812500,13951,39372,84630,84630,14105,14105
1,177147,344605,521752,15,177147,344605,521752,7826280,3727,10511,94710,94710,15785,15785
4,132651,588245,720896,11,132651,588245,720896,7929856,1288,3014,39270,39270,6545,6545
1,292259,371293,663552,12,292259,371293,663552,7962624,4740,13291,139854,139854,23309,23309
1,1,531440,531441,15,1,531440,531441,7971615,3797,10641,199290,199290,33215,33215
1,240625,290816,531441,15,240625,290816,531441,7971615,3797,10641,164010,164010,27335,27335
1,1,180224,180225,45,1,180224,180225,8110125,1288,3588,29370,29370,4895,4895
1,1,123200,123201,66,1,123200,123201,8131266,881,1866,30030,30030,5005,5005
1,1,512000,512001,16,1,512000,512001,8192016,3658,10159,9030,9030,1505,1505
3,1,512000,512001,16,1,512000,512001,8192016,1220,3386,9030,9030,1505,1505
1,322102,703125,1025227,8,322102,703125,1025227,8201816,7324,20334,140910,140910,23485,23485
3,371293,452250,823543,10,371293,452250,823543,8235430,1961,5437,182910,182910,30485,30485
1,1,688127,688128,12,1,688127,688128,8257536,4916,13617,21714,21714,3619,3619
1,1,71874,71875,115,1,71874,71875,8265625,514,624,7590,7590,1265,1265
2,180075,371293,551368,15,180075,371293,551368,8270520,1970,5452,111930,111930,18655,18655
5,158949,161051,320000,26,158949,161051,320000,8320000,458,1222,66990,66990,11165,11165
3,1,1050624,1050625,8,1,1050624,1050625,8405000,2502,6889,23370,23370,3895,3895
5,1,1050624,1050625,8,1,1050624,1050625,8405000,1501,4133,23370,23370,3895,3895
2,131072,366025,497097,17,131072,366025,497097,8450649,1776,3855,106590,106590,17765,17765
1,133837,524288,658125,13,133837,524288,658125,8555625,4701,10295,98670,98670,16445,16445
3,133837,524288,658125,13,133837,524288,658125,8555625,1567,3431,98670,98670,16445,16445
1,296875,371293,668168,13,296875,371293,668168,8686184,4773,13001,41990,41990,20995,20995
2,296875,371293,668168,13,296875,371293,668168,8686184,2387,6500,41990,41990,20995,20995
4,296875,371293,668168,13,296875,371293,668168,8686184,1194,3250,41990,41990,20995,20995
1,1,512000,512001,17,1,512000,512001,8704017,3658,9956,9030,9030,1505,1505
2,1,512000,512001,17,1,512000,512001,8704017,1829,4978,9030,9030,1505,1505
3,1,512000,512001,17,1,512000,512001,8704017,1220,3318,9030,9030,1505,1505
7,1,512000,512001,17,1,512000,512001,8704017,523,1422,9030,9030,1505,1505
10,1,512000,512001,17,1,512000,512001,8704017,366,995,9030,9030,1505,1505
1,156250,1113879,1270129,7,156250,1113879,1270129,8890903,9073,22321,62790,62790,10465,10465
2,1,688127,688128,13,1,688127,688128,8945664,2458,6629,21714,21714,3619,3619
1,131072,366025,497097,18,131072,366025,497097,8947746,3551,7281,106590,106590,17765,17765
1,158949,161051,320000,28,158949,161051,320000,8960000,2286,5676,66990,66990,11165,11165
1,303264,390625,693889,13,303264,390625,693889,9020557,4957,13333,46410,46410,7735,7735
3,303264,390625,693889,13,303264,390625,693889,9020557,1653,4444,46410,46410,7735,7735
1,428750,1874161,2302911,4,428750,1874161,2302911,9211644,16450,43943,101010,101010,16835,16835
1,133837,524288,658125,14,133837,524288,658125,9213750,4701,9559,98670,98670,16445,16445
1,1,512000,512001,18,1,512000,512001,9216018,3658,9768,9030,9030,1505,1505
5,1,512000,512001,18,1,512000,512001,9216018,732,1953,9030,9030,1505,1505
1,83521,840000,923521,10,83521,840000,923521,9235210,6597,8352,110670,110670,18445,18445
7,83521,840000,923521,10,83521,840000,923521,9235210,943,1193,110670,110670,18445,18445
1,1,1050624,1050625,9,1,1050624,1050625,9455625,7505,19873,23370,23370,3895,3895
2,1,1050624,1050625,9,1,1050624,1050625,9455625,3753,9936,23370,23370,3895,3895
11,240625,290816,531441,18,240625,290816,531441,9565938,346,910,164010,164010,27335,27335
1,163840,1771561,1935401,5,163840,1771561,1935401,9677005,13825,32768,75790,75790,37895,37895
8,117649,304175,421824,23,117649,304175,421824,9701952,377,639,62790,62790,10465,10465
1,303264,390625,693889,14,303264,390625,693889,9714446,4957,13008,46410,46410,7735,7735
1,1,512000,512001,19,1,512000,512001,9728019,3658,9593,9030,9030,1505,1505
3,1,512000,512001,19,1,512000,512001,9728019,1220,3197,9030,9030,1505,1505
1,694575,707281,1401856,7,694575,707281,1401856,9812992,10014,26191,225330,225330,37555,37555
1,1,180224,180225,55,1,180224,180225,9912375,1288,3276,29370,29370,4895,4895
1,296875,371293,668168,15,296875,371293,668168,10022520,4773,12396,41990,41990,20995,20995
1,1244485,2097152,3341637,3,1244485,2097152,3341637,10024911,23869,61990,72930,72930,12155,12155
9,1,228095,228096,44,1,228095,228096,10036224,182,469,43890,43890,7315,7315
3,132651,588245,720896,14,132651,588245,720896,10092544,1717,3158,39270,39270,6545,6545
1,1,512000,512001,20,1,512000,512001,10240020,3658,9431,9030,9030,1505,1505
3,1,512000,512001,20,1,512000,512001,10240020,1220,3143,9030,9030,1505,1505
7,1,512000,512001,20,1,512000,512001,10240020,523,1347,9030,9030,1505,1505
9,1,512000,512001,20,1,512000,512001,10240020,407,1047,9030,9030,1505,1505
1,507904,2910897,3418801,3,507904,2910897,3418801,10256403,24421,62941,87978,87978,14663,14663
2,1,180224,180225,57,1,180224,180225,10272825,644,1580,29370,29370,4895,4895
1,1,688127,688128,15,1,688127,688128,10321920,4916,12641,21714,21714,3619,3619
4,1,688127,688128,15,1,688127,688128,10321920,1229,3160,21714,21714,3619,3619
8,1,688127,688128,15,1,688127,688128,10321920,615,1580,21714,21714,3619,3619
1,303264,390625,693889,15,303264,390625,693889,10408335,4957,12712,46410,46410,7735,7735
1,1,1043199,1043200,10,1,1043199,1043200,10432000,7452,19097,259170,259170,43195,43195
1,524288,1569375,2093663,5,524288,1569375,2093663,10468315,14955,38283,132990,132990,22165,22165
1,1,3499199,3499200,3,1,3499199,3499200,10497600,24995,63924,78870,78870,13145,13145
1,1,1050624,1050625,10,1,1050624,1050625,10506250,7505,19187,23370,23370,3895,3895
3,133837,524288,658125,16,133837,524288,658125,10530000,1567,2788,98670,98670,16445,16445
2,117649,304175,421824,25,117649,304175,421824,10545600,1507,2352,62790,62790,10465,10465
1,1,235224,235225,45,1,235224,235225,10585125,1681,4285,32010,32010,5335,5335
1,714025,1057536,1771561,6,714025,1057536,1771561,10629366,12655,32229,72930,72930,12155,12155
1,296875,371293,668168,16,296875,371293,668168,10690688,4773,12132,41990,41990,20995,20995
1,1,512000,512001,21,1,512000,512001,10752021,3658,9278,9030,9030,1505,1505
2,1,512000,512001,21,1,512000,512001,10752021,1829,4639,9030,9030,1505,1505
5,1,512000,512001,21,1,512000,512001,10752021,732,1855,9030,9030,1505,1505
16,1,512000,512001,21,1,512000,512001,10752021,229,579,9030,9030,1505,1505
1,177147,344605,521752,21,177147,344605,521752,10956792,3727,8435,94710,94710,15785,15785
3,303264,390625,693889,16,303264,390625,693889,11102224,1653,4147,46410,46410,7735,7735
1,1,531440,531441,21,1,531440,531441,11160261,3797,9512,199290,199290,33215,33215
1,240625,290816,531441,21,240625,290816,531441,11160261,3797,9512,164010,164010,27335,27335
5,1,531440,531441,21,1,531440,531441,11160261,760,1902,199290,199290,33215,33215
2,644405,1594323,2238728,5,644405,1594323,2238728,11193640,7996,20015,247710,247710,41285,41285
1,409600,1464561,1874161,6,409600,1464561,1874161,11244966,13387,33461,318570,318570,53095,53095
1,1,512000,512001,22,1,512000,512001,11264022,3658,9136,9030,9030,1505,1505
3,1,512000,512001,22,1,512000,512001,11264022,1220,3045,9030,9030,1505,1505
7,1,512000,512001,22,1,512000,512001,11264022,523,1305,9030,9030,1505,1505
1,296875,371293,668168,17,296875,371293,668168,11358856,4773,11889,41990,41990,20995,20995
3,296875,371293,668168,17,296875,371293,668168,11358856,1591,3963,41990,41990,20995,20995
15,296875,371293,668168,17,296875,371293,668168,11358856,319,792,41990,41990,20995,20995
1,177147,344605,521752,22,177147,344605,521752,11478544,3727,8052,94710,94710,15785,15785
1,158949,161051,320000,36,158949,161051,320000,11520000,2286,4415,66990,66990,11165,11165
1,1,1050624,1050625,11,1,1050624,1050625,11556875,7505,18587,23370,23370,3895,3895
2,1,1050624,1050625,11,1,1050624,1050625,11556875,3753,9293,23370,23370,3895,3895
1,163840,1771561,1935401,6,163840,1771561,1935401,11612406,13825,27306,75790,75790,37895,37895
1,1,777924,777925,15,1,777924,777925,11668875,5557,13718,225330,225330,37555,37555
1,240625,290816,531441,22,240625,290816,531441,11691702,3797,9366,164010,164010,27335,27335
6,1,688127,688128,17,1,688127,688128,11698176,820,2020,21714,21714,3619,3619
1,912247,2994003,3906250,3,912247,2994003,3906250,11718750,27902,68790,147630,147630,24605,24605
1,941192,1011933,1953125,6,941192,1011933,1953125,11718750,13951,34395,84630,84630,14105,14105
17,1,235224,235225,50,1,235224,235225,11761250,99,243,32010,32010,5335,5335
1,1,336140,336141,35,1,336140,336141,11764935,2402,5911,46410,46410,7735,7735
2,1,512000,512001,23,1,512000,512001,11776023,1829,4500,9030,9030,1505,1505
3,1,512000,512001,23,1,512000,512001,11776023,1220,3000,9030,9030,1505,1505
9,1,512000,512001,23,1,512000,512001,11776023,407,1000,9030,9030,1505,1505
1,1,180224,180225,66,1,180224,180225,11894850,1288,2730,29370,29370,4895,4895
1,634207,3365793,4000000,3,634207,3365793,4000000,12000000,28572,69886,171570,171570,28595,28595
1,296875,371293,668168,18,296875,371293,668168,12027024,4773,11665,41990,41990,20995,20995
1,1,180224,180225,67,1,180224,180225,12075075,1288,2689,29370,29370,4895,4895
2,1,1756160,1756161,7,1,1756160,1756161,12293127,6273,15218,168630,168630,28105,28105
1,714025,1057536,1771561,7,714025,1057536,1771561,12400927,12655,30614,72930,72930,12155,12155
1,303264,390625,693889,18,303264,390625,693889,12490002,4957,11962,46410,46410,7735,7735
27,1,228095,228096,55,1,228095,228096,12545280,61,145,43890,43890,7315,7315
1,524288,1569375,2093663,6,524288,1569375,2093663,12561978,14955,36025,132990,132990,22165,22165
1,1,1050624,1050625,12,1,1050624,1050625,12607500,7505,18056,23370,23370,3895,3895
2,694575,707281,1401856,9,694575,707281,1401856,12616704,5007,12043,225330,225330,37555,37555
1,156250,1113879,1270129,10,156250,1113879,1270129,12701290,9073,15625,62790,62790,10465,10465
3,156250,1113879,1270129,10,156250,1113879,1270129,12701290,3025,5208,62790,62790,10465,10465
1,1,228095,228096,56,1,228095,228096,12773376,1630,3903,43890,43890,7315,7315
1,1,512000,512001,25,1,512000,512001,12800025,3658,8755,9030,9030,1505,1505
3,1,512000,512001,25,1,512000,512001,12800025,1220,2918,9030,9030,1505,1505
4,1,512000,512001,25,1,512000,512001,12800025,915,2188,9030,9030,1505,1505
7,1,512000,512001,25,1,512000,512001,12800025,523,1250,9030,9030,1505,1505
18,1,512000,512001,25,1,512000,512001,12800025,204,486,9030,9030,1505,1505
1,1,235224,235225,55,1,235224,235225,12937375,1681,4008,32010,32010,5335,5335
1,1,228095,228096,57,1,228095,228096,13001472,1630,3880,43890,43890,7315,7315
29,1,228095,228096,57,1,228095,228096,13001472,57,133,43890,43890,7315,7315
1,1,512000,512001,26,1,512000,512001,13312026,3658,8641,9030,9030,1505,1505
5,1,512000,512001,26,1,512000,512001,13312026,732,1728,9030,9030,1505,1505
1,296875,371293,668168,20,296875,371293,668168,13363360,4773,11262,41990,41990,20995,20995
3,296875,371293,668168,20,296875,371293,668168,13363360,1591,3754,41990,41990,20995,20995
13,296875,371293,668168,20,296875,371293,668168,13363360,368,866,41990,41990,20995,20995
1,1244485,2097152,3341637,4,1244485,2097152,3341637,13366548,23869,56322,72930,72930,12155,12155
1,644405,1594323,2238728,6,644405,1594323,2238728,13432368,15991,37671,247710,247710,41285,41285
1,158949,161051,320000,42,158949,161051,320000,13440000,2286,3784,66990,66990,11165,11165
1,1127357,5688387,6815744,2,1127357,5688387,6815744,13631488,48684,114127,102102,102102,17017,17017
1,1,1050624,1050625,13,1,1050624,1050625,13658125,7505,17581,23370,23370,3895,3895
1,941192,1011933,1953125,7,941192,1011933,1953125,13671875,13951,32672,84630,84630,14105,14105
1,507904,2910897,3418801,4,507904,2910897,3418801,13675204,24421,57185,87978,87978,14663,14663
1,158949,161051,320000,43,158949,161051,320000,13760000,2286,3696,66990,66990,11165,11165
12,180075,371293,551368,25,180075,371293,551368,13784200,329,600,111930,111930,18655,18655
1,428750,1874161,2302911,6,428750,1874161,2302911,13817466,16450,38387,101010,101010,16835,16835
2,1,512000,512001,27,1,512000,512001,13824027,1829,4266,9030,9030,1505,1505
7,1,512000,512001,27,1,512000,512001,13824027,523,1219,9030,9030,1505,1505
2,1,180224,180225,77,1,180224,180225,13877325,644,1170,29370,29370,4895,4895
1,156250,1113879,1270129,11,156250,1113879,1270129,13971419,9073,14204,62790,62790,10465,10465
1,1,3499199,3499200,4,1,3499199,3499200,13996800,24995,58079,78870,78870,13145,13145
1,296875,371293,668168,21,296875,371293,668168,14031528,4773,11080,41990,41990,20995,20995
1,390625,546399,937024,15,390625,546399,937024,14055360,6694,15530,136290,136290,22715,22715
1,1,180224,180225,78,1,180224,180225,14057550,1288,2310,29370,29370,4895,4895
1,180075,371293,551368,26,180075,371293,551368,14335568,3939,6925,111930,111930,18655,18655
1,1,512000,512001,28,1,512000,512001,14336028,3658,8430,9030,9030,1505,1505
3,1,512000,512001,28,1,512000,512001,14336028,1220,2810,9030,9030,1505,1505
15,1,512000,512001,28,1,512000,512001,14336028,244,562,9030,9030,1505,1505
1,107163,1953125,2060288,7,107163,1953125,2060288,14422016,14717,15309,105630,105630,17605,17605
1,1,688127,688128,21,1,688127,688128,14450688,4916,11300,21714,21714,3619,3619
2,1,688127,688128,21,1,688127,688128,14450688,2458,5650,21714,21714,3619,3619
4,1,688127,688128,21,1,688127,688128,14450688,1229,2825,21714,21714,3619,3619
8,1,688127,688128,21,1,688127,688128,14450688,615,1412,21714,21714,3619,3619
1,324723,2097152,2421875,6,324723,2097152,2421875,14531250,17300,39698,305970,305970,50995,50995
1,303264,390625,693889,21,303264,390625,693889,14571669,4957,11363,46410,46410,7735,7735
1,1,512000,512001,29,1,512000,512001,14848029,3658,8332,9030,9030,1505,1505
9,1,512000,512001,29,1,512000,512001,14848029,407,925,9030,9030,1505,1505
2,912673,2097152,3009825,5,912673,2097152,3009825,15049125,10750,24381,264810,264810,44135,44135
2,1,1369599,1369600,11,1,1369599,1369600,15065600,4892,11090,247170,247170,41195,41195
1,1,688127,688128,22,1,688127,688128,15138816,4916,11126,21714,21714,3619,3619
3,1,688127,688128,22,1,688127,688128,15138816,1639,3708,21714,21714,3619,3619
21,1,688127,688128,22,1,688127,688128,15138816,235,529,21714,21714,3619,3619
1,1,512000,512001,30,1,512000,512001,15360030,3658,8238,9030,9030,1505,1505
1,1,235224,235225,66,1,235224,235225,15524850,1681,3563,32010,32010,5335,5335
1,912247,2994003,3906250,4,912247,2994003,3906250,15625000,27902,62499,147630,147630,24605,24605
2,874577,2250423,3125000,5,874577,2250423,3125000,15625000,11161,24999,99330,99330,16555,16555
1,158949,161051,320000,49,158949,161051,320000,15680000,2286,3243,66990,66990,11165,11165
1,1,1050624,1050625,15,1,1050624,1050625,15759375,7505,16762,23370,23370,3895,3895
2,1,1050624,1050625,15,1,1050624,1050625,15759375,3753,8381,23370,23370,3895,3895
1,1,688127,688128,23,1,688127,688128,15826944,4916,10963,21714,21714,3619,3619
2,1,688127,688128,23,1,688127,688128,15826944,2458,5481,21714,21714,3619,3619
1,1,180224,180225,88,1,180224,180225,15859800,1288,2047,29370,29370,4895,4895
1,1,512000,512001,31,1,512000,512001,15872031,3658,8149,9030,9030,1505,1505
3,1,512000,512001,31,1,512000,512001,15872031,1220,2716,9030,9030,1505,1505
1,714025,1057536,1771561,9,714025,1057536,1771561,15944049,12655,28154,72930,72930,12155,12155
5,714025,1057536,1771561,9,714025,1057536,1771561,15944049,2531,5630,72930,72930,12155,12155
1,634207,3365793,4000000,4,634207,3365793,4000000,16000000,28572,63496,171570,171570,28595,28595
1,428750,1874161,2302911,7,428750,1874161,2302911,16120377,16450,36465,101010,101010,16835,16835
1,1,1369599,1369600,12,1,1369599,1369600,16435200,9783,21547,247170,247170,41195,41195
1,296875,371293,668168,25,296875,371293,668168,16704200,4773,10455,41990,41990,20995,20995
1,1244485,2097152,3341637,5,1244485,2097152,3341637,16708185,23869,52284,72930,72930,12155,12155
3,1244485,2097152,3341637,5,1244485,2097152,3341637,16708185,7957,17428,72930,72930,12155,12155
5,1,180224,180225,93,1,180224,180225,16760925,258,387,29370,29370,4895,4895
1,1,1050624,1050625,16,1,1050624,1050625,16810000,7505,16405,23370,23370,3895,3895
1,1,336140,336141,51,1,336140,336141,17143191,2402,5214,46410,46410,7735,7735
3,1,688127,688128,25,1,688127,688128,17203200,1639,3554,21714,21714,3619,3619
4,1,688127,688128,25,1,688127,688128,17203200,1229,2665,21714,21714,3619,3619
1,1,5764800,5764801,3,1,5764800,5764801,17294403,41178,89168,252210,252210,42035,42035
1,296875,371293,668168,26,296875,371293,668168,17372368,4773,10319,41990,41990,20995,20995
1,3906250,4782969,8689219,2,3906250,4782969,8689219,17378438,62066,134184,108570,108570,18095,18095
1,1,3499199,3499200,5,1,3499199,3499200,17496000,24995,53915,78870,78870,13145,13145
2,1,3499199,3499200,5,1,3499199,3499200,17496000,12498,26957,78870,78870,13145,13145
1,941192,1011933,1953125,9,941192,1011933,1953125,17578125,13951,30046,84630,84630,14105,14105
5,941192,1011933,1953125,9,941192,1011933,1953125,17578125,2791,6009,84630,84630,14105,14105
1,714025,1057536,1771561,10,714025,1057536,1771561,17715610,12655,27183,72930,72930,12155,12155
1,1,180224,180225,99,1,180224,180225,17842275,1288,1820,29370,29370,4895,4895
2,1,180224,180225,99,1,180224,180225,17842275,644,910,29370,29370,4895,4895
2,1,1050624,1050625,17,1,1050624,1050625,17860625,3753,8038,23370,23370,3895,3895
1,1,512000,512001,35,1,512000,512001,17920035,3658,7826,9030,9030,1505,1505
2,1,512000,512001,35,1,512000,512001,17920035,1829,3913,9030,9030,1505,1505
3,1,512000,512001,35,1,512000,512001,17920035,1220,2608,9030,9030,1505,1505
4,1,512000,512001,35,1,512000,512001,17920035,915,1956,9030,9030,1505,1505
6,1,512000,512001,35,1,512000,512001,17920035,610,1304,9030,9030,1505,1505
8,1,512000,512001,35,1,512000,512001,17920035,458,978,9030,9030,1505,1505
9,1,512000,512001,35,1,512000,512001,17920035,407,869,9030,9030,1505,1505
12,1,512000,512001,35,1,512000,512001,17920035,305,652,9030,9030,1505,1505
16,1,512000,512001,35,1,512000,512001,17920035,229,489,9030,9030,1505,1505
1,1,180224,180225,100,1,180224,180225,18022500,1288,1802,29370,29370,4895,4895
1,912673,2097152,3009825,6,912673,2097152,3009825,18058950,21499,45888,264810,264810,44135,44135
2,1,180224,180225,101,1,180224,180225,18202725,644,892,29370,29370,4895,4895
1,1,512000,512001,36,1,512000,512001,18432036,3658,7753,9030,9030,1505,1505
1,409600,1464561,1874161,10,409600,1464561,1874161,18741610,13387,28222,318570,318570,53095,53095
1,874577,2250423,3125000,6,874577,2250423,3125000,18750000,22322,47051,99330,99330,16555,16555
1,1,1050624,1050625,18,1,1050624,1050625,18911250,7505,15773,23370,23370,3895,3895
5,1,1050624,1050625,18,1,1050624,1050625,18911250,1501,3154,23370,23370,3895,3895
2,1,512000,512001,37,1,512000,512001,18944037,1829,3841,9030,9030,1505,1505
1,1,688127,688128,28,1,688127,688128,19267584,4916,10267,21714,21714,3619,3619
1,1,1756160,1756161,11,1,1756160,1756161,19317771,12545,26180,168630,168630,28105,28105
6,1,1756160,1756161,11,1,1756160,1756161,19317771,2091,4363,168630,168630,28105,28105
1,163840,1771561,1935401,10,163840,1771561,1935401,19354010,13825,16384,75790,75790,37895,37895
3,1,512000,512001,38,1,512000,512001,19456038,1220,2538,9030,9030,1505,1505
1,714025,1057536,1771561,11,714025,1057536,1771561,19487171,12655,26332,72930,72930,12155,12155
6,714025,1057536,1771561,11,714025,1057536,1771561,19487171,2110,4388,72930,72930,12155,12155
1,964467,2941783,3906250,5,964467,2941783,3906250,19531250,27902,58019,281190,281190,46865,46865
1,941192,1011933,1953125,10,941192,1011933,1953125,19531250,13951,29009,84630,84630,14105,14105
3,964467,2941783,3906250,5,964467,2941783,3906250,19531250,9301,19339,281190,281190,46865,46865
3,941192,1011933,1953125,10,941192,1011933,1953125,19531250,4651,9669,84630,84630,14105,14105
1,1,2825760,2825761,7,1,2825760,2825761,19780327,20185,41794,249690,249690,41615,41615
3,1,2825760,2825761,7,1,2825760,2825761,19780327,6729,13931,249690,249690,41615,41615
5,1,2825760,2825761,7,1,2825760,2825761,19780327,4037,8358,249690,249690,41615,41615
8,1,688127,688128,29,1,688127,688128,19955712,615,1268,21714,21714,3619,3619
1,1,1050624,1050625,19,1,1050624,1050625,19961875,7505,15491,23370,23370,3895,3895
2,1,1050624,1050625,19,1,1050624,1050625,19961875,3753,7745,23370,23370,3895,3895
3,1,1050624,1050625,19,1,1050624,1050625,19961875,2502,5163,23370,23370,3895,3895
4,1,1050624,1050625,19,1,1050624,1050625,19961875,1877,3872,23370,23370,3895,3895
8,1,1050624,1050625,19,1,1050624,1050625,19961875,939,1936,23370,23370,3895,3895
12,1,1050624,1050625,19,1,1050624,1050625,19961875,626,1290,23370,23370,3895,3895
4,1,512000,512001,39,1,512000,512001,19968039,915,1887,9030,9030,1505,1505
1,296875,371293,668168,30,296875,371293,668168,20045040,4773,9838,41990,41990,20995,20995
19,296875,371293,668168,30,296875,371293,668168,20045040,252,517,41990,41990,20995,20995
1,1244485,2097152,3341637,6,1244485,2097152,3341637,20049822,23869,49201,72930,72930,12155,12155
1,1127357,5688387,6815744,3,1127357,5688387,6815744,20447232,48684,99699,102102,102102,17017,17017
1,912247,2495625,3407872,6,912247,2495625,3407872,20447232,24342,49849,570570,570570,95095,95095
2,1127357,5688387,6815744,3,1127357,5688387,6815744,20447232,24342,49849,102102,102102,17017,17017
1,1,512000,512001,40,1,512000,512001,20480040,3658,7485,9030,9030,1505,1505
3,1,512000,512001,40,1,512000,512001,20480040,1220,2495,9030,9030,1505,1505
1,507904,2910897,3418801,6,507904,2910897,3418801,20512806,24421,49956,87978,87978,14663,14663
1,296875,371293,668168,31,296875,371293,668168,20713208,4773,9576,41990,41990,20995,20995
1,524288,1569375,2093663,10,524288,1569375,2093663,20936630,14955,30385,132990,132990,22165,22165
3,524288,1569375,2093663,10,524288,1569375,2093663,20936630,4985,10128,132990,132990,22165,22165
1,1,512000,512001,41,1,512000,512001,20992041,3658,7424,9030,9030,1505,1505
1,1,3499199,3499200,6,1,3499199,3499200,20995200,24995,50736,78870,78870,13145,13145
5,1,3499199,3499200,6,1,3499199,3499200,20995200,4999,10147,78870,78870,13145,13145
1,1,1050624,1050625,20,1,1050624,1050625,21012500,7505,15229,23370,23370,3895,3895
3,1,1050624,1050625,20,1,1050624,1050625,21012500,2502,5076,23370,23370,3895,3895
19,1,1050624,1050625,20,1,1050624,1050625,21012500,395,801,23370,23370,3895,3895
1,714025,1057536,1771561,12,714025,1057536,1771561,21258732,12655,25580,72930,72930,12155,12155
15,296875,371293,668168,32,296875,371293,668168,21381376,319,618,41990,41990,20995,20995
17,296875,371293,668168,32,296875,371293,668168,21381376,281,545,41990,41990,20995,20995
14,1,336140,336141,65,1,336140,336141,21849165,172,343,46410,46410,7735,7735
1,874577,2250423,3125000,7,874577,2250423,3125000,21875000,22322,44695,99330,99330,16555,16555
4,874577,2250423,3125000,7,874577,2250423,3125000,21875000,5581,11173,99330,99330,16555,16555
1,1,512000,512001,43,1,512000,512001,22016043,3658,7307,9030,9030,1505,1505
3,1,512000,512001,43,1,512000,512001,22016043,1220,2435,9030,9030,1505,1505
7,1,512000,512001,43,1,512000,512001,22016043,523,1043,9030,9030,1505,1505
8,1,512000,512001,43,1,512000,512001,22016043,458,913,9030,9030,1505,1505
10,1,512000,512001,43,1,512000,512001,22016043,366,730,9030,9030,1505,1505
25,1,512000,512001,43,1,512000,512001,22016043,147,292,9030,9030,1505,1505
13,296875,371293,668168,33,296875,371293,668168,22049544,368,692,41990,41990,20995,20995
1,1,1050624,1050625,21,1,1050624,1050625,22063125,7505,14983,23370,23370,3895,3895
2,1,1050624,1050625,21,1,1050624,1050625,22063125,3753,7491,23370,23370,3895,3895
9,1,512000,512001,44,1,512000,512001,22528044,407,805,9030,9030,1505,1505
1,1,2825760,2825761,8,1,2825760,2825761,22606088,20185,39974,249690,249690,41615,41615
1,1,688127,688128,33,1,688127,688128,22708224,4916,9720,21714,21714,3619,3619
2,1,688127,688128,33,1,688127,688128,22708224,2458,4860,21714,21714,3619,3619
4,1,688127,688128,33,1,688127,688128,22708224,1229,2430,21714,21714,3619,3619
7,1,688127,688128,33,1,688127,688128,22708224,703,1388,21714,21714,3619,3619
1,296875,371293,668168,34,296875,371293,668168,22717712,4773,8731,41990,41990,20995,20995
3,296875,371293,668168,34,296875,371293,668168,22717712,1591,2910,41990,41990,20995,20995
5,296875,371293,668168,34,296875,371293,668168,22717712,955,1746,41990,41990,20995,20995
19,296875,371293,668168,34,296875,371293,668168,22717712,252,459,41990,41990,20995,20995
1,524288,1569375,2093663,11,524288,1569375,2093663,23030293,14955,29435,132990,132990,22165,22165
1,714025,1057536,1771561,13,714025,1057536,1771561,23030293,12655,24906,72930,72930,12155,12155
1,1,512000,512001,45,1,512000,512001,23040045,3658,7197,9030,9030,1505,1505
2,1,512000,512001,45,1,512000,512001,23040045,1829,3598,9030,9030,1505,1505
7,1,512000,512001,45,1,512000,512001,23040045,523,1028,9030,9030,1505,1505
3,1,1050624,1050625,22,1,1050624,1050625,23113750,2502,4917,23370,23370,3895,3895
1,296875,371293,668168,35,296875,371293,668168,23385880,4773,8482,41990,41990,20995,20995
1,1244485,2097152,3341637,7,1244485,2097152,3341637,23391459,23869,46737,72930,72930,12155,12155
1,1,688127,688128,34,1,688127,688128,23396352,4916,9623,21714,21714,3619,3619
1,912247,2994003,3906250,6,912247,2994003,3906250,23437500,27902,54598,147630,147630,24605,24605
1,1,512000,512001,46,1,512000,512001,23552046,3658,7144,9030,9030,1505,1505
1,2476099,5451776,7927875,3,2476099,5451776,7927875,23783625,56628,110270,181830,181830,30305,30305
1,588665,4194304,4782969,5,588665,4194304,4782969,23914845,34165,66405,321090,321090,53515,53515
1,507904,2910897,3418801,7,507904,2910897,3418801,23931607,24421,47454,87978,87978,14663,14663
12,1,512000,512001,47,1,512000,512001,24064047,305,591,9030,9030,1505,1505
2,1,688127,688128,35,1,688127,688128,24084480,2458,4765,21714,21714,3619,3619
8,1,688127,688128,35,1,688127,688128,24084480,615,1191,21714,21714,3619,3619
1,468512,951345,1419857,17,468512,951345,1419857,24137569,10142,19651,162690,162690,27115,27115
2,468512,951345,1419857,17,468512,951345,1419857,24137569,5071,9825,162690,162690,27115,27115
3,468512,951345,1419857,17,468512,951345,1419857,24137569,3381,6550,162690,162690,27115,27115
10,468512,951345,1419857,17,468512,951345,1419857,24137569,1015,1965,162690,162690,27115,27115
3,1,1050624,1050625,23,1,1050624,1050625,24164375,2502,4845,23370,23370,3895,3895
4,1,1050624,1050625,23,1,1050624,1050625,24164375,1877,3634,23370,23370,3895,3895
1,324723,2097152,2421875,10,324723,2097152,2421875,24218750,17300,32472,305970,305970,50995,50995
6,456976,1419857,1876833,13,456976,1419857,1876833,24398829,2235,4313,287742,287742,47957,47957
1,1,3499199,3499200,7,1,3499199,3499200,24494400,24995,48195,78870,78870,13145,13145
2,1,3499199,3499200,7,1,3499199,3499200,24494400,12498,24097,78870,78870,13145,13145
5,1,512000,512001,48,1,512000,512001,24576048,732,1408,9030,9030,1505,1505
3,1,1756160,1756161,14,1,1756160,1756161,24586254,4182,8052,168630,168630,28105,28105
1,1225043,2892672,4117715,6,1225043,2892672,4117715,24706290,29413,56551,696570,696570,116095,116095
3,296875,371293,668168,37,296875,371293,668168,24722216,1591,2674,41990,41990,20995,20995
1,1,688127,688128,36,1,688127,688128,24772608,4916,9442,21714,21714,3619,3619
1,303264,390625,693889,36,303264,390625,693889,24980004,4957,8424,46410,46410,7735,7735
4,1,512000,512001,49,1,512000,512001,25088049,915,1748,9030,9030,1505,1505
24,1,512000,512001,49,1,512000,512001,25088049,153,291,9030,9030,1505,1505
7,1,336140,336141,75,1,336140,336141,25210575,344,640,46410,46410,7735,7735
4,1,688127,688128,37,1,688127,688128,25460736,1229,2339,21714,21714,3619,3619
1,468512,951345,1419857,18,468512,951345,1419857,25557426,10142,19281,162690,162690,27115,27115
1,1,512000,512001,50,1,512000,512001,25600050,3658,6948,9030,9030,1505,1505
3,1,512000,512001,50,1,512000,512001,25600050,1220,2316,9030,9030,1505,1505
9,1,512000,512001,50,1,512000,512001,25600050,407,772,9030,9030,1505,1505
1,397535,3272481,3670016,7,397535,3272481,3670016,25690112,26215,49751,605010,605010,100835,100835
5,296875,371293,668168,39,296875,371293,668168,26058552,955,1522,41990,41990,20995,20995
1,3906250,4782969,8689219,3,3906250,4782969,8689219,26067657,62066,117221,108570,108570,18095,18095
1,1,512000,512001,51,1,512000,512001,26112051,3658,6903,9030,9030,1505,1505
16,1,512000,512001,51,1,512000,512001,26112051,229,431,9030,9030,1505,1505
1,1,1050624,1050625,25,1,1050624,1050625,26265625,7505,14137,23370,23370,3895,3895
2,1,1050624,1050625,25,1,1050624,1050625,26265625,3753,7068,23370,23370,3895,3895
6,1,1050624,1050625,25,1,1050624,1050625,26265625,1251,2356,23370,23370,3895,3895
7,1,512000,512001,52,1,512000,512001,26624052,523,979,9030,9030,1505,1505
3,1244485,2097152,3341637,8,1244485,2097152,3341637,26733096,7957,14900,72930,72930,12155,12155
4,1,688127,688128,39,1,688127,688128,26836992,1229,2298,21714,21714,3619,3619
3,1,512000,512001,53,1,512000,512001,27136053,1220,2271,9030,9030,1505,1505
1,524288,1569375,2093663,13,524288,1569375,2093663,27217619,14955,27840,132990,132990,22165,22165
2,524288,1569375,2093663,13,524288,1569375,2093663,27217619,7478,13920,132990,132990,22165,22165
3,524288,1569375,2093663,13,524288,1569375,2093663,27217619,4985,9280,132990,132990,22165,22165
10,524288,1569375,2093663,13,524288,1569375,2093663,27217619,1496,2784,132990,132990,22165,22165
1,1127357,5688387,6815744,4,1127357,5688387,6815744,27262976,48684,90583,102102,102102,17017,17017
1,1,1050624,1050625,26,1,1050624,1050625,27316250,7505,13954,23370,23370,3895,3895
1,912247,2994003,3906250,7,912247,2994003,3906250,27343750,27902,51864,147630,147630,24605,24605
2,912247,2994003,3906250,7,912247,2994003,3906250,27343750,13951,25932,147630,147630,24605,24605
6,912247,2994003,3906250,7,912247,2994003,3906250,27343750,4651,8644,147630,147630,24605,24605
7,1,688127,688128,40,1,688127,688128,27525120,703,1302,21714,21714,3619,3619
2,874577,2250423,3125000,9,874577,2250423,3125000,28125000,11161,20551,99330,99330,16555,16555
4,874577,2250423,3125000,9,874577,2250423,3125000,28125000,5581,10275,99330,99330,16555,16555
1,1,512000,512001,55,1,512000,512001,28160055,3658,6731,9030,9030,1505,1505
3,1,512000,512001,55,1,512000,512001,28160055,1220,2243,9030,9030,1505,1505
6,1,512000,512001,55,1,512000,512001,28160055,610,1121,9030,9030,1505,1505
3,1,2825760,2825761,10,1,2825760,2825761,28257610,6729,12369,249690,249690,41615,41615
2,1,1050624,1050625,27,1,1050624,1050625,28366875,3753,6889,23370,23370,3895,3895
8,1,1050624,1050625,27,1,1050624,1050625,28366875,939,1722,23370,23370,3895,3895
1,1,336140,336141,85,1,336140,336141,28571985,2402,3954,46410,46410,7735,7735
7,1,336140,336141,85,1,336140,336141,28571985,344,564,46410,46410,7735,7735
1,1,512000,512001,56,1,512000,512001,28672056,3658,6691,9030,9030,1505,1505
1,1,688127,688128,42,1,688127,688128,28901376,4916,8969,21714,21714,3619,3619
14,1,512000,512001,57,1,512000,512001,29184057,262,475,9030,9030,1505,1505
2,1,336140,336141,87,1,336140,336141,29244267,1201,1931,46410,46410,7735,7735
1,524288,1569375,2093663,14,524288,1569375,2093663,29311282,14955,27161,132990,132990,22165,22165
1,1722368,2476099,4198467,7,1722368,2476099,4198467,29389269,29990,54419,300846,300846,50141,50141
3,1722368,2476099,4198467,7,1722368,2476099,4198467,29389269,9997,18139,300846,300846,50141,50141
1,1,688127,688128,43,1,688127,688128,29589504,4916,8899,21714,21714,3619,3619
21,1,688127,688128,43,1,688127,688128,29589504,235,423,21714,21714,3619,3619
22,1,688127,688128,43,1,688127,688128,29589504,224,404,21714,21714,3619,3619
3,1,512000,512001,58,1,512000,512001,29696058,1220,2204,9030,9030,1505,1505
43,1,512000,512001,58,1,512000,512001,29696058,86,153,9030,9030,1505,1505
1,1244485,2097152,3341637,9,1244485,2097152,3341637,30074733,23869,42981,72930,72930,12155,12155
5,1244485,2097152,3341637,9,1244485,2097152,3341637,30074733,4774,8596,72930,72930,12155,12155
1,912673,2097152,3009825,10,912673,2097152,3009825,30098250,21499,38703,264810,264810,44135,44135
7,912673,2097152,3009825,10,912673,2097152,3009825,30098250,3072,5529,264810,264810,44135,44135
7,714025,1057536,1771561,17,714025,1057536,1771561,30116537,1808,3253,72930,72930,12155,12155
9,1,512000,512001,59,1,512000,512001,30208059,407,730,9030,9030,1505,1505
1,1,688127,688128,44,1,688127,688128,30277632,4916,8831,21714,21714,3619,3619
1,1,512000,512001,60,1,512000,512001,30720060,3658,6539,9030,9030,1505,1505
1,507904,2910897,3418801,9,507904,2910897,3418801,30769209,24421,43641,87978,87978,14663,14663
1,1,688127,688128,45,1,688127,688128,30965760,4916,8765,21714,21714,3619,3619
1,1,512000,512001,61,1,512000,512001,31232061,3658,6503,9030,9030,1505,1505
1,912247,2994003,3906250,8,912247,2994003,3906250,31250000,27902,49606,147630,147630,24605,24605
1,874577,2250423,3125000,10,874577,2250423,3125000,31250000,22322,39685,99330,99330,16555,16555
7,874577,2250423,3125000,10,874577,2250423,3125000,31250000,3189,5669,99330,99330,16555,16555
2,524288,1569375,2093663,15,524288,1569375,2093663,31404945,7478,13272,132990,132990,22165,22165
1,1,3499199,3499200,9,1,3499199,3499200,31492800,24995,44322,78870,78870,13145,13145
1,1,1050624,1050625,30,1,1050624,1050625,31518750,7505,13304,23370,23370,3895,3895
1,2476099,5451776,7927875,4,2476099,5451776,7927875,31711500,56628,100186,181830,181830,30305,30305
10,847553,1048576,1896129,17,847553,1048576,1896129,32234193,1355,2383,252042,252042,42007,42007
8,1,512000,512001,63,1,512000,512001,32256063,458,804,9030,9030,1505,1505
1,1,688127,688128,47,1,688127,688128,32342016,4916,8639,21714,21714,3619,3619
2,1,688127,688128,47,1,688127,688128,32342016,2458,4319,21714,21714,3619,3619
3,1,688127,688128,47,1,688127,688128,32342016,1639,2879,21714,21714,3619,3619
4,1,688127,688128,47,1,688127,688128,32342016,1229,2159,21714,21714,3619,3619
6,1,688127,688128,47,1,688127,688128,32342016,820,1439,21714,21714,3619,3619
7,1,688127,688128,47,1,688127,688128,32342016,703,1234,21714,21714,3619,3619
12,1,688127,688128,47,1,688127,688128,32342016,410,719,21714,21714,3619,3619
18,1,688127,688128,47,1,688127,688128,32342016,274,479,21714,21714,3619,3619
33,1,688127,688128,47,1,688127,688128,32342016,149,261,21714,21714,3619,3619
1,1,1050624,1050625,31,1,1050624,1050625,32569375,7505,13159,23370,23370,3895,3895
6,1,1050624,1050625,31,1,1050624,1050625,32569375,1251,2193,23370,23370,3895,3895
12,1,1050624,1050625,31,1,1050624,1050625,32569375,626,1096,23370,23370,3895,3895
3,1,3301375,3301376,10,1,3301375,3301376,33013760,7861,13721,310310,310310,155155,155155
1,1,688127,688128,48,1,688127,688128,33030144,4916,8578,21714,21714,3619,3619
1,1,512000,512001,65,1,512000,512001,33280065,3658,6367,9030,9030,1505,1505
2,1,512000,512001,65,1,512000,512001,33280065,1829,3183,9030,9030,1505,1505
3,1,512000,512001,65,1,512000,512001,33280065,1220,2122,9030,9030,1505,1505
9,1,512000,512001,65,1,512000,512001,33280065,407,707,9030,9030,1505,1505
16,1,512000,512001,65,1,512000,512001,33280065,229,397,9030,9030,1505,1505
21,1,512000,512001,65,1,512000,512001,33280065,175,303,9030,9030,1505,1505
1,1244485,2097152,3341637,10,1244485,2097152,3341637,33416370,23869,41498,72930,72930,12155,12155
3,524288,1569375,2093663,16,524288,1569375,2093663,33498608,4985,8659,132990,132990,22165,22165
1,1722368,2476099,4198467,8,1722368,2476099,4198467,33587736,29990,52050,300846,300846,50141,50141
1,1,688127,688128,49,1,688127,688128,33718272,4916,8520,21714,21714,3619,3619
2,1,688127,688128,49,1,688127,688128,33718272,2458,4260,21714,21714,3619,3619
4,1,688127,688128,49,1,688127,688128,33718272,1229,2130,21714,21714,3619,3619
2,437500,4389309,4826809,7,437500,4389309,4826809,33787663,17239,29860,608790,608790,101465,101465
1,1,512000,512001,66,1,512000,512001,33792066,3658,6334,9030,9030,1505,1505
2,1127357,5688387,6815744,5,1127357,5688387,6815744,34078720,24342,42045,102102,102102,17017,17017
1,507904,2910897,3418801,10,507904,2910897,3418801,34188010,24421,42134,87978,87978,14663,14663
3,1,688127,688128,50,1,688127,688128,34406400,1639,2820,21714,21714,3619,3619
3,1,512000,512001,68,1,512000,512001,34816068,1220,2090,9030,9030,1505,1505
1,1,3499199,3499200,10,1,3499199,3499200,34992000,24995,42792,78870,78870,13145,13145
3,1,3499199,3499200,10,1,3499199,3499200,34992000,8332,14264,78870,78870,13145,13145
2,1,688127,688128,51,1,688127,688128,35094528,2458,4203,21714,21714,3619,3619
4,1,688127,688128,51,1,688127,688128,35094528,1229,2101,21714,21714,3619,3619
2,912247,2994003,3906250,9,912247,2994003,3906250,35156250,13951,23848,147630,147630,24605,24605
3,714025,1057536,1771561,20,714025,1057536,1771561,35431220,4219,7191,72930,72930,12155,12155
1,1,512000,512001,70,1,512000,512001,35840070,3658,6211,9030,9030,1505,1505
3,1,512000,512001,70,1,512000,512001,35840070,1220,2070,9030,9030,1505,1505
1,1,512000,512001,71,1,512000,512001,36352071,3658,6182,9030,9030,1505,1505
6,1,688127,688128,53,1,688127,688128,36470784,820,1383,21714,21714,3619,3619
1,1,1050624,1050625,35,1,1050624,1050625,36771875,7505,12637,23370,23370,3895,3895
2,1,1050624,1050625,35,1,1050624,1050625,36771875,3753,6318,23370,23370,3895,3895
3,1,1050624,1050625,35,1,1050624,1050625,36771875,2502,4212,23370,23370,3895,3895
7,1,688127,688128,54,1,688127,688128,37158912,703,1178,21714,21714,3619,3619
3,1,512000,512001,73,1,512000,512001,37376073,1220,2041,9030,9030,1505,1505
1,1,1050624,1050625,36,1,1050624,1050625,37822500,7505,12519,23370,23370,3895,3895
1,1,688127,688128,55,1,688127,688128,37847040,4916,8198,21714,21714,3619,3619
2,1,688127,688128,55,1,688127,688128,37847040,2458,4099,21714,21714,3619,3619
3,1,688127,688128,55,1,688127,688128,37847040,1639,2732,21714,21714,3619,3619
4,1,688127,688128,55,1,688127,688128,37847040,1229,2049,21714,21714,3619,3619
12,1,688127,688128,55,1,688127,688128,37847040,410,683,21714,21714,3619,3619
28,1,688127,688128,55,1,688127,688128,37847040,176,292,21714,21714,3619,3619
9,1,512000,512001,74,1,512000,512001,37888074,407,677,9030,9030,1505,1505
1,2000033,10754551,12754584,3,2000033,10754551,12754584,38263752,91105,151401,420546,420546,70091,70091
1,1,512000,512001,75,1,512000,512001,38400075,3658,6070,9030,9030,1505,1505
1,1,3499199,3499200,11,1,3499199,3499200,38491200,24995,41454,78870,78870,13145,13145
2,1,3499199,3499200,11,1,3499199,3499200,38491200,12498,20727,78870,78870,13145,13145
5,1,3499199,3499200,11,1,3499199,3499200,38491200,4999,8290,78870,78870,13145,13145
6,1,3499199,3499200,11,1,3499199,3499200,38491200,4166,6909,78870,78870,13145,13145
1,1,688127,688128,56,1,688127,688128,38535168,4916,8149,21714,21714,3619,3619
1,1,1756160,1756161,22,1,1756160,1756161,38635542,12545,20779,168630,168630,28105,28105
15,1,1756160,1756161,22,1,1756160,1756161,38635542,837,1385,168630,168630,28105,28105
2,1,1050624,1050625,37,1,1050624,1050625,38873125,3753,6202,23370,23370,3895,3895
1,1,512000,512001,76,1,512000,512001,38912076,3658,6043,9030,9030,1505,1505
1,1489347,17997824,19487171,2,1489347,17997824,19487171,38974342,139195,229905,194766,194766,32461,32461
2,1,688127,688128,57,1,688127,688128,39223296,2458,4050,21714,21714,3619,3619
2,1,512000,512001,77,1,512000,512001,39424077,1829,3008,9030,9030,1505,1505
12,1,512000,512001,77,1,512000,512001,39424077,305,501,9030,9030,1505,1505
3,1,688127,688128,58,1,688127,688128,39911424,1639,2684,21714,21714,3619,3619
1,1,1050624,1050625,38,1,1050624,1050625,39923750,7505,12296,23370,23370,3895,3895
3,1,1050624,1050625,38,1,1050624,1050625,39923750,2502,4098,23370,23370,3895,3895
15,1,1050624,1050625,38,1,1050624,1050625,39923750,501,819,23370,23370,3895,3895
35,1,512000,512001,78,1,512000,512001,39936078,105,171,9030,9030,1505,1505
1,1244485,2097152,3341637,12,1244485,2097152,3341637,40099644,23869,39051,72930,72930,12155,12155
4,1,688127,688128,59,1,688127,688128,40599552,1229,2002,21714,21714,3619,3619
12,1,688127,688128,59,1,688127,688128,40599552,410,667,21714,21714,3619,3619
1,1127357,5688387,6815744,6,1127357,5688387,6815744,40894464,48684,79131,102102,102102,17017,17017
1,1,512000,512001,80,1,512000,512001,40960080,3658,5941,9030,9030,1505,1505
3,1,512000,512001,80,1,512000,512001,40960080,1220,1980,9030,9030,1505,1505
7,1,512000,512001,80,1,512000,512001,40960080,523,848,9030,9030,1505,1505
9,1,512000,512001,80,1,512000,512001,40960080,407,660,9030,9030,1505,1505
1,1,1050624,1050625,39,1,1050624,1050625,40974375,7505,12189,23370,23370,3895,3895
19,1,1050624,1050625,39,1,1050624,1050625,40974375,395,641,23370,23370,3895,3895
20,1,1050624,1050625,39,1,1050624,1050625,40974375,376,609,23370,23370,3895,3895
1,507904,2910897,3418801,12,507904,2910897,3418801,41025612,24421,39650,87978,87978,14663,14663
1,1,20709375,20709376,2,1,20709375,20709376,41418752,147925,239420,111390,111390,18565,18565
1,1,512000,512001,81,1,512000,512001,41472081,3658,5916,9030,9030,1505,1505
3,1722368,2476099,4198467,10,1722368,2476099,4198467,41984670,9997,16106,300846,300846,50141,50141
1,1,3499199,3499200,12,1,3499199,3499200,41990400,24995,40269,78870,78870,13145,13145
1,1,1050624,1050625,40,1,1050624,1050625,42025000,7505,12087,23370,23370,3895,3895
3,1,512000,512001,83,1,512000,512001,42496083,1220,1956,9030,9030,1505,1505
48,1,512000,512001,83,1,512000,512001,42496083,77,122,9030,9030,1505,1505
63,1,512000,512001,83,1,512000,512001,42496083,59,93,9030,9030,1505,1505
1,1,1050624,1050625,41,1,1050624,1050625,43075625,7505,11988,23370,23370,3895,3895
3,1,1050624,1050625,41,1,1050624,1050625,43075625,2502,3996,23370,23370,3895,3895
7,1,1050624,1050625,41,1,1050624,1050625,43075625,1073,1712,23370,23370,3895,3895
15,1,1050624,1050625,41,1,1050624,1050625,43075625,501,799,23370,23370,3895,3895
21,1,1050624,1050625,41,1,1050624,1050625,43075625,358,570,23370,23370,3895,3895
1,1244485,2097152,3341637,13,1244485,2097152,3341637,43441281,23869,38023,72930,72930,12155,12155
2,1244485,2097152,3341637,13,1244485,2097152,3341637,43441281,11935,19011,72930,72930,12155,12155
1,1,512000,512001,85,1,512000,512001,43520085,3658,5822,9030,9030,1505,1505
3,1,512000,512001,85,1,512000,512001,43520085,1220,1940,9030,9030,1505,1505
8,1,512000,512001,85,1,512000,512001,43520085,458,727,9030,9030,1505,1505
1,1,512000,512001,86,1,512000,512001,44032086,3658,5799,9030,9030,1505,1505
5,1,512000,512001,86,1,512000,512001,44032086,732,1159,9030,9030,1505,1505
21,1,512000,512001,86,1,512000,512001,44032086,175,276,9030,9030,1505,1505
35,1,512000,512001,86,1,512000,512001,44032086,105,165,9030,9030,1505,1505
1,507904,2910897,3418801,13,507904,2910897,3418801,44444413,24421,38606,87978,87978,14663,14663
1,1,512000,512001,87,1,512000,512001,44544087,3658,5777,9030,9030,1505,1505
7,1,512000,512001,87,1,512000,512001,44544087,523,825,9030,9030,1505,1505
18,1,688127,688128,65,1,688127,688128,44728320,274,430,21714,21714,3619,3619
1,2890625,6067327,8957952,5,2890625,6067327,8957952,44789760,63986,100896,147630,147630,24605,24605
3,2890625,6067327,8957952,5,2890625,6067327,8957952,44789760,21329,33632,147630,147630,24605,24605
3,1,512000,512001,88,1,512000,512001,45056088,1220,1918,9030,9030,1505,1505
1,1,15039999,15040000,3,1,15039999,15040000,45120000,107429,168986,421590,421590,70265,70265
1,1,3499199,3499200,13,1,3499199,3499200,45489600,24995,39209,78870,78870,13145,13145
3,1,3499199,3499200,13,1,3499199,3499200,45489600,8332,13069,78870,78870,13145,13145
9,1,512000,512001,89,1,512000,512001,45568089,407,637,9030,9030,1505,1505
1,1,512000,512001,90,1,512000,512001,46080090,3658,5688,9030,9030,1505,1505
1,1,512000,512001,91,1,512000,512001,46592091,3658,5626,9030,9030,1505,1505
6,1,512000,512001,91,1,512000,512001,46592091,610,937,9030,9030,1505,1505
16,1,512000,512001,91,1,512000,512001,46592091,229,351,9030,9030,1505,1505
5,1244485,2097152,3341637,14,1244485,2097152,3341637,46782918,4774,7419,72930,72930,12155,12155
1,874577,2250423,3125000,15,874577,2250423,3125000,46875000,22322,34668,99330,99330,16555,16555
2,874577,2250423,3125000,15,874577,2250423,3125000,46875000,11161,17334,99330,99330,16555,16555
4,874577,2250423,3125000,15,874577,2250423,3125000,46875000,5581,8667,99330,99330,16555,16555
1,1,1050624,1050625,45,1,1050624,1050625,47278125,7505,11622,23370,23370,3895,3895
2,1,1050624,1050625,45,1,1050624,1050625,47278125,3753,5811,23370,23370,3895,3895
1,2476099,5451776,7927875,6,2476099,5451776,7927875,47567250,56628,87521,181830,181830,30305,30305
7,1,512000,512001,93,1,512000,512001,47616093,523,786,9030,9030,1505,1505
1,1127357,5688387,6815744,7,1127357,5688387,6815744,47710208,48684,75168,102102,102102,17017,17017
10,524288,1569375,2093663,23,524288,1569375,2093663,48154249,1496,2279,132990,132990,22165,22165
1,1,1050624,1050625,46,1,1050624,1050625,48328750,7505,11537,23370,23370,3895,3895
4,1,512000,512001,95,1,512000,512001,48640095,915,1347,9030,9030,1505,1505
1,1953125,14299803,16252928,3,1953125,14299803,16252928,48758784,116093,177953,397110,397110,66185,66185
11,1,3499199,3499200,14,1,3499199,3499200,48988800,2273,3477,78870,78870,13145,13145
2,1,1050624,1050625,47,1,1050624,1050625,49379375,3753,5727,23370,23370,3895,3895
1,874577,2250423,3125000,16,874577,2250423,3125000,50000000,22322,33930,99330,99330,16555,16555
1,1244485,2097152,3341637,15,1244485,2097152,3341637,50124555,23869,36252,72930,72930,12155,12155
3,1,512000,512001,98,1,512000,512001,50176098,1220,1741,9030,9030,1505,1505
6,912247,2994003,3906250,13,912247,2994003,3906250,50781250,4651,7032,147630,147630,24605,24605
1,507904,2910897,3418801,15,507904,2910897,3418801,51282015,24421,33860,87978,87978,14663,14663
1,3906250,4782969,8689219,6,3906250,4782969,8689219,52135314,62066,93038,108570,108570,18095,18095
1,1,3499199,3499200,15,1,3499199,3499200,52488000,24995,37383,78870,78870,13145,13145
2,1,3499199,3499200,15,1,3499199,3499200,52488000,12498,18691,78870,78870,13145,13145
1,1,1050624,1050625,50,1,1050624,1050625,52531250,7505,11221,23370,23370,3895,3895
3,1,1050624,1050625,50,1,1050624,1050625,52531250,2502,3740,23370,23370,3895,3895
2,874577,2250423,3125000,17,874577,2250423,3125000,53125000,11161,16625,99330,99330,16555,16555
1,1244485,2097152,3341637,16,1244485,2097152,3341637,53466192,23869,35480,72930,72930,12155,12155
1,1,1050624,1050625,51,1,1050624,1050625,53581875,7505,11147,23370,23370,3895,3895
1,2890625,6067327,8957952,6,2890625,6067327,8957952,53747712,63986,94947,147630,147630,24605,24605
1,1,512000,512001,105,1,512000,512001,53760105,3658,4876,9030,9030,1505,1505
2,1,512000,512001,105,1,512000,512001,53760105,1829,2438,9030,9030,1505,1505
4,1,512000,512001,105,1,512000,512001,53760105,915,1219,9030,9030,1505,1505
8,1,512000,512001,105,1,512000,512001,53760105,458,609,9030,9030,1505,1505
16,1,512000,512001,105,1,512000,512001,53760105,229,304,9030,9030,1505,1505
1,1,512000,512001,106,1,512000,512001,54272106,3658,4830,9030,9030,1505,1505
1,507904,2910897,3418801,16,507904,2910897,3418801,54700816,24421,31744,87978,87978,14663,14663
2,1,512000,512001,107,1,512000,512001,54784107,1829,2392,9030,9030,1505,1505
33,1,688127,688128,80,1,688127,688128,55050240,149,219,21714,21714,3619,3619
1,2476099,5451776,7927875,7,2476099,5451776,7927875,55495125,56628,83137,181830,181830,30305,30305
3,1,1050624,1050625,53,1,1050624,1050625,55683125,2502,3668,23370,23370,3895,3895
15,1,1050624,1050625,53,1,1050624,1050625,55683125,501,733,23370,23370,3895,3895
4,1,512000,512001,109,1,512000,512001,55808109,915,1174,9030,9030,1505,1505
1,1,3499199,3499200,16,1,3499199,3499200,55987200,24995,36587,78870,78870,13145,13145
6,1244485,2097152,3341637,17,1244485,2097152,3341637,56807829,3979,5795,72930,72930,12155,12155
1,1,19140624,19140625,3,1,19140624,19140625,57421875,136719,198452,114870,114870,19145,19145
2,1,19140624,19140625,3,1,19140624,19140625,57421875,68360,99226,114870,114870,19145,19145
1,1,1050624,1050625,55,1,1050624,1050625,57784375,7505,10870,23370,23370,3895,3895
2,1,1050624,1050625,55,1,1050624,1050625,57784375,3753,5435,23370,23370,3895,3895
6,1,1050624,1050625,55,1,1050624,1050625,57784375,1251,1811,23370,23370,3895,3895
8,1,512000,512001,113,1,512000,512001,57856113,458,566,9030,9030,1505,1505
1,1489347,17997824,19487171,3,1489347,17997824,19487171,58461513,139195,200840,194766,194766,32461,32461
1,912247,2994003,3906250,15,912247,2994003,3906250,58593750,27902,40228,147630,147630,24605,24605
1,1896129,9834496,11730625,5,1896129,9834496,11730625,58653125,83791,120767,489090,489090,81515,81515
3,1896129,9834496,11730625,5,1896129,9834496,11730625,58653125,27931,40255,489090,489090,81515,81515
1,1722368,2476099,4198467,14,1722368,2476099,4198467,58778538,29990,43192,300846,300846,50141,50141
1,1,1050624,1050625,56,1,1050624,1050625,58835000,7505,10805,23370,23370,3895,3895
24,1,512000,512001,115,1,512000,512001,58880115,153,185,9030,9030,1505,1505
4,874577,2250423,3125000,19,874577,2250423,3125000,59375000,5581,8010,99330,99330,16555,16555
2,1,3499199,3499200,17,1,3499199,3499200,59486400,12498,17927,78870,78870,13145,13145
1,1,1050624,1050625,57,1,1050624,1050625,59885625,7505,10741,23370,23370,3895,3895
2,1,1050624,1050625,57,1,1050624,1050625,59885625,3753,5370,23370,23370,3895,3895
4,1,1050624,1050625,57,1,1050624,1050625,59885625,1877,2685,23370,23370,3895,3895
8,1,1050624,1050625,57,1,1050624,1050625,59885625,939,1342,23370,23370,3895,3895
10,1,1050624,1050625,57,1,1050624,1050625,59885625,751,1074,23370,23370,3895,3895
1,1244485,2097152,3341637,18,1244485,2097152,3341637,60149466,23869,34114,72930,72930,12155,12155
1,1,15039999,15040000,4,1,15039999,15040000,60160000,107429,153534,421590,421590,70265,70265
9,714025,1057536,1771561,34,714025,1057536,1771561,60233074,1407,2008,72930,72930,12155,12155
4,1,512000,512001,119,1,512000,512001,60928119,915,1075,9030,9030,1505,1505
1,1,1050624,1050625,58,1,1050624,1050625,60936250,7505,10679,23370,23370,3895,3895
1,1127357,5688387,6815744,9,1127357,5688387,6815744,61341696,48684,69128,102102,102102,17017,17017
2,1127357,5688387,6815744,9,1127357,5688387,6815744,61341696,24342,34564,102102,102102,17017,17017
1,1,512000,512001,120,1,512000,512001,61440120,3658,4266,9030,9030,1505,1505
1,1953125,10367643,12320768,5,1953125,10367643,12320768,61603840,88006,124784,201630,201630,33605,33605
3,1953125,10367643,12320768,5,1953125,10367643,12320768,61603840,29336,41594,201630,201630,33605,33605
16,1,512000,512001,121,1,512000,512001,61952121,229,264,9030,9030,1505,1505
2,1,1050624,1050625,59,1,1050624,1050625,61986875,3753,5309,23370,23370,3895,3895
1,1,20709375,20709376,3,1,20709375,20709376,62128128,147925,209153,111390,111390,18565,18565
1,1,3499199,3499200,18,1,3499199,3499200,62985600,24995,35178,78870,78870,13145,13145
7,1,3499199,3499200,18,1,3499199,3499200,62985600,3571,5025,78870,78870,13145,13145
1,1,1050624,1050625,60,1,1050624,1050625,63037500,7505,10559,23370,23370,3895,3895
1,1244485,2097152,3341637,19,1244485,2097152,3341637,63491103,23869,33505,72930,72930,12155,12155
1,1,1050624,1050625,61,1,1050624,1050625,64088125,7505,10501,23370,23370,3895,3895
4,1,1050624,1050625,61,1,1050624,1050625,64088125,1877,2625,23370,23370,3895,3895
6,1,1050624,1050625,61,1,1050624,1050625,64088125,1251,1750,23370,23370,3895,3895
1,1,688127,688128,94,1,688127,688128,64684032,4916,6856,21714,21714,3619,3619
3,1,688127,688128,94,1,688127,688128,64684032,1639,2285,21714,21714,3619,3619
9,1,688127,688128,94,1,688127,688128,64684032,547,761,21714,21714,3619,3619
63,1,688127,688128,94,1,688127,688128,64684032,79,108,21714,21714,3619,3619
1,1953125,14299803,16252928,4,1953125,14299803,16252928,65011712,116093,161681,397110,397110,66185,66185
1,1,688127,688128,95,1,688127,688128,65372160,4916,6832,21714,21714,3619,3619
1,874577,2250423,3125000,21,874577,2250423,3125000,65625000,22322,30989,99330,99330,16555,16555
1,1,3499199,3499200,19,1,3499199,3499200,66484800,24995,34550,78870,78870,13145,13145
3,1,688127,688128,97,1,688127,688128,66748416,1639,2261,21714,21714,3619,3619
1,1,1050624,1050625,65,1,1050624,1050625,68290625,7505,10281,23370,23370,3895,3895
2,1,1050624,1050625,65,1,1050624,1050625,68290625,3753,5140,23370,23370,3895,3895
3,1,1050624,1050625,65,1,1050624,1050625,68290625,2502,3427,23370,23370,3895,3895
8,1,1050624,1050625,65,1,1050624,1050625,68290625,939,1285,23370,23370,3895,3895
1,1,1050624,1050625,66,1,1050624,1050625,69341250,7505,10229,23370,23370,3895,3895
1,1,3499199,3499200,20,1,3499199,3499200,69984000,24995,33964,78870,78870,13145,13145
1,1244485,2097152,3341637,21,1244485,2097152,3341637,70174377,23869,32406,72930,72930,12155,12155
1,1896129,9834496,11730625,6,1896129,9834496,11730625,70383750,83791,113646,489090,489090,81515,81515
2,1,1050624,1050625,67,1,1050624,1050625,70391875,3753,5089,23370,23370,3895,3895
10,1,1050624,1050625,67,1,1050624,1050625,70391875,751,1017,23370,23370,3895,3895
9,1,688127,688128,103,1,688127,688128,70877184,547,739,21714,21714,3619,3619
1,2476099,5451776,7927875,9,2476099,5451776,7927875,71350875,56628,76456,181830,181830,30305,30305
5,2476099,5451776,7927875,9,2476099,5451776,7927875,71350875,11326,15291,181830,181830,30305,30305
3,1,1050624,1050625,68,1,1050624,1050625,71442500,2502,3375,23370,23370,3895,3895
1,1,3499199,3499200,21,1,3499199,3499200,73483200,24995,33416,78870,78870,13145,13145
5,1,3499199,3499200,21,1,3499199,3499200,73483200,4999,6683,78870,78870,13145,13145
1,1244485,2097152,3341637,22,1244485,2097152,3341637,73516014,23869,31907,72930,72930,12155,12155
5,1244485,2097152,3341637,22,1244485,2097152,3341637,73516014,4774,6381,72930,72930,12155,12155
9,1244485,2097152,3341637,22,1244485,2097152,3341637,73516014,2653,3545,72930,72930,12155,12155
1,1,1050624,1050625,70,1,1050624,1050625,73543750,7505,10030,23370,23370,3895,3895
1,1,1050624,1050625,71,1,1050624,1050625,74594375,7505,9983,23370,23370,3895,3895
1,1,19140624,19140625,4,1,19140624,19140625,76562500,136719,180306,114870,114870,19145,19145
1,1,3499199,3499200,22,1,3499199,3499200,76982400,24995,32902,78870,78870,13145,13145
1,874577,2250423,3125000,25,874577,2250423,3125000,78125000,22322,29240,99330,99330,16555,16555
4,874577,2250423,3125000,25,874577,2250423,3125000,78125000,5581,7310,99330,99330,16555,16555
1,1,1050624,1050625,75,1,1050624,1050625,78796875,7505,9802,23370,23370,3895,3895
2,1,1050624,1050625,75,1,1050624,1050625,78796875,3753,4901,23370,23370,3895,3895
1,2476099,5451776,7927875,10,2476099,5451776,7927875,79278750,56628,73818,181830,181830,30305,30305
1,1,1050624,1050625,76,1,1050624,1050625,79847500,7505,9759,23370,23370,3895,3895
1,1244485,2097152,3341637,24,1244485,2097152,3341637,80199288,23869,30995,72930,72930,12155,12155
5,1244485,2097152,3341637,24,1244485,2097152,3341637,80199288,4774,6199,72930,72930,12155,12155
11,1244485,2097152,3341637,24,1244485,2097152,3341637,80199288,2170,2817,72930,72930,12155,12155
2,1,1050624,1050625,77,1,1050624,1050625,80898125,3753,4858,23370,23370,3895,3895
1,912247,2994003,3906250,21,912247,2994003,3906250,82031250,27902,35960,147630,147630,24605,24605
1,1,20709375,20709376,4,1,20709375,20709376,82837504,147925,190028,111390,111390,18565,18565
1,1244485,2097152,3341637,25,1244485,2097152,3341637,83540925,23869,30576,72930,72930,12155,12155
1,1,3499199,3499200,24,1,3499199,3499200,83980800,24995,31962,78870,78870,13145,13145
1,1,1050624,1050625,80,1,1050624,1050625,84050000,7505,9593,23370,23370,3895,3895
3,1,1050624,1050625,80,1,1050624,1050625,84050000,2502,3197,23370,23370,3895,3895
1,1327104,10706059,12033163,7,1327104,10706059,12033163,84232141,85952,109802,539994,539994,89999,89999
4,1327104,10706059,12033163,7,1327104,10706059,12033163,84232141,21488,27450,539994,539994,89999,89999
2,874577,2250423,3125000,27,874577,2250423,3125000,84375000,11161,14249,99330,99330,16555,16555
1,1,1050624,1050625,81,1,1050624,1050625,85100625,7505,9554,23370,23370,3895,3895
1,923521,4841280,5764801,15,923521,4841280,5764801,86472015,41178,52145,266910,266910,44485,44485
9,1244485,2097152,3341637,26,1244485,2097152,3341637,86882562,2653,3353,72930,72930,12155,12155
3,1,1050624,1050625,83,1,1050624,1050625,87201875,2502,3158,23370,23370,3895,3895
1,2476099,5451776,7927875,11,2476099,5451776,7927875,87206625,56628,71510,181830,181830,30305,30305
6,2476099,5451776,7927875,11,2476099,5451776,7927875,87206625,9438,11918,181830,181830,30305,30305
1,1,3499199,3499200,25,1,3499199,3499200,87480000,24995,31530,78870,78870,13145,13145
1,1127357,5688387,6815744,13,1127357,5688387,6815744,88604672,48684,61153,102102,102102,17017,17017
1,1,1050624,1050625,85,1,1050624,1050625,89303125,7505,9401,23370,23370,3895,3895
2,1,1050624,1050625,85,1,1050624,1050625,89303125,3753,4700,23370,23370,3895,3895
6,1,1050624,1050625,85,1,1050624,1050625,89303125,1251,1566,23370,23370,3895,3895
1,1244485,2097152,3341637,27,1244485,2097152,3341637,90224199,23869,29801,72930,72930,12155,12155
13,1244485,2097152,3341637,27,1244485,2097152,3341637,90224199,1837,2292,72930,72930,12155,12155
1,1,1050624,1050625,86,1,1050624,1050625,90353750,7505,9365,23370,23370,3895,3895
5,1,3499199,3499200,26,1,3499199,3499200,90979200,4999,6224,78870,78870,13145,13145
1,1244485,2097152,3341637,28,1244485,2097152,3341637,93565836,23869,29442,72930,72930,12155,12155
1,874577,2250423,3125000,30,874577,2250423,3125000,93750000,22322,27516,99330,99330,16555,16555
3,1896129,9834496,11730625,8,1896129,9834496,11730625,93845000,27931,34418,489090,489090,81515,81515
1,1,3499199,3499200,27,1,3499199,3499200,94478400,24995,30731,78870,78870,13145,13145
1,2476099,5451776,7927875,12,2476099,5451776,7927875,95134500,56628,69465,181830,181830,30305,30305
1,3906250,4782969,8689219,11,3906250,4782969,8689219,95581409,62066,76017,108570,108570,18095,18095
2,3906250,4782969,8689219,11,3906250,4782969,8689219,95581409,31033,38008,108570,108570,18095,18095
5,3906250,4782969,8689219,11,3906250,4782969,8689219,95581409,12414,15203,108570,108570,18095,18095
1,1,19140624,19140625,5,1,19140624,19140625,95703125,136719,167381,114870,114870,19145,19145
2,1,19140624,19140625,5,1,19140624,19140625,95703125,68360,83690,114870,114870,19145,19145
3,1,19140624,19140625,5,1,19140624,19140625,95703125,45573,55793,114870,114870,19145,19145
1,874577,2250423,3125000,31,874577,2250423,3125000,96875000,22322,27216,99330,99330,16555,16555
5,1244485,2097152,3341637,29,1244485,2097152,3341637,96907473,4774,5820,72930,72930,12155,12155
1,1953125,14299803,16252928,6,1953125,14299803,16252928,97517568,116093,141242,397110,397110,66185,66185
1,1,3499199,3499200,28,1,3499199,3499200,97977600,24995,30361,78870,78870,13145,13145
1,1244485,2097152,3341637,30,1244485,2097152,3341637,100249110,23869,28773,72930,72930,12155,12155
1,2476099,5451776,7927875,13,2476099,5451776,7927875,103062375,56628,67636,181830,181830,30305,30305
28,874577,2250423,3125000,33,874577,2250423,3125000,103125000,798,946,99330,99330,16555,16555
1,1244485,2097152,3341637,31,1244485,2097152,3341637,103590747,23869,28460,72930,72930,12155,12155
1,3906250,4782969,8689219,12,3906250,4782969,8689219,104270628,62066,73844,108570,108570,18095,18095
1,1,3499199,3499200,30,1,3499199,3499200,104976000,24995,29670,78870,78870,13145,13145
1,1,3499199,3499200,31,1,3499199,3499200,108475200,24995,29348,78870,78870,13145,13145
1,1244485,2097152,3341637,33,1244485,2097152,3341637,110274021,23869,27873,72930,72930,12155,12155
17,1244485,2097152,3341637,33,1244485,2097152,3341637,110274021,1405,1639,72930,72930,12155,12155
5,2476099,5451776,7927875,14,2476099,5451776,7927875,110990250,11326,13197,181830,181830,30305,30305
1,1244485,2097152,3341637,34,1244485,2097152,3341637,113615658,23869,27597,72930,72930,12155,12155
1,1953125,14299803,16252928,7,1953125,14299803,16252928,113770496,116093,134167,397110,397110,66185,66185
1,1,19140624,19140625,6,1,19140624,19140625,114843750,136719,157512,114870,114870,19145,19145
1,1,3499199,3499200,33,1,3499199,3499200,115473600,24995,28743,78870,78870,13145,13145
11,1244485,2097152,3341637,35,1244485,2097152,3341637,116957295,2170,2484,72930,72930,12155,12155
1,2476099,5451776,7927875,15,2476099,5451776,7927875,118918125,56628,64486,181830,181830,30305,30305
1,1,3499199,3499200,34,1,3499199,3499200,118972800,24995,28458,78870,78870,13145,13145
1,1244485,2097152,3341637,36,1244485,2097152,3341637,120298932,23869,27076,72930,72930,12155,12155
1,1244485,2097152,3341637,37,1244485,2097152,3341637,123640569,23869,26830,72930,72930,12155,12155
1,1,3499199,3499200,36,1,3499199,3499200,125971200,24995,27921,78870,78870,13145,13145
5,1,3499199,3499200,36,1,3499199,3499200,125971200,4999,5584,78870,78870,13145,13145
11,1,3499199,3499200,36,1,3499199,3499200,125971200,2273,2538,78870,78870,13145,13145
1,2476099,5451776,7927875,16,2476099,5451776,7927875,126846000,56628,63113,181830,181830,30305,30305
1,1,3499199,3499200,37,1,3499199,3499200,129470400,24995,27667,78870,78870,13145,13145
1,1244485,2097152,3341637,39,1244485,2097152,3341637,130323843,23869,26363,72930,72930,12155,12155
5,1244485,2097152,3341637,39,1244485,2097152,3341637,130323843,4774,5272,72930,72930,12155,12155
4,3906250,4782969,8689219,15,3906250,4782969,8689219,130338285,15517,17137,108570,108570,18095,18095
1,1244485,2097152,3341637,40,1244485,2097152,3341637,133665480,23869,26142,72930,72930,12155,12155
13,1244485,2097152,3341637,40,1244485,2097152,3341637,133665480,1837,2010,72930,72930,12155,12155
1,1,19140624,19140625,7,1,19140624,19140625,133984375,136719,149622,114870,114870,19145,19145
2,1,19140624,19140625,7,1,19140624,19140625,133984375,68360,74811,114870,114870,19145,19145
1,1953125,10367643,12320768,11,1953125,10367643,12320768,135528448,88006,95944,201630,201630,33605,33605
5,1953125,10367643,12320768,11,1953125,10367643,12320768,135528448,17602,19188,201630,201630,33605,33605
1,1,3499199,3499200,39,1,3499199,3499200,136468800,24995,27186,78870,78870,13145,13145
1,1,3499199,3499200,40,1,3499199,3499200,139968000,24995,26957,78870,78870,13145,13145
1,1244485,2097152,3341637,42,1244485,2097152,3341637,140348754,23869,25720,72930,72930,12155,12155
1,2476099,5451776,7927875,18,2476099,5451776,7927875,142701750,56628,60683,181830,181830,30305,30305
5,1,3499199,3499200,41,1,3499199,3499200,143467200,4999,5347,78870,78870,13145,13145
1,1244485,2097152,3341637,43,1244485,2097152,3341637,143690391,23869,25519,72930,72930,12155,12155
1,1,3499199,3499200,42,1,3499199,3499200,146966400,24995,26523,78870,78870,13145,13145
5,1244485,2097152,3341637,44,1244485,2097152,3341637,147032028,4774,5064,72930,72930,12155,12155
1,1953125,10367643,12320768,12,1953125,10367643,12320768,147849216,88006,93201,201630,201630,33605,33605
1,1244485,2097152,3341637,45,1244485,2097152,3341637,150373665,23869,25135,72930,72930,12155,12155
1,1,3499199,3499200,43,1,3499199,3499200,150465600,24995,26315,78870,78870,13145,13145
1,1244485,2097152,3341637,46,1244485,2097152,3341637,153715302,23869,24952,72930,72930,12155,12155
3,1953125,10367643,12320768,13,1953125,10367643,12320768,160169984,29336,30249,201630,201630,33605,33605
1,1244485,2097152,3341637,48,1244485,2097152,3341637,160398576,23869,24600,72930,72930,12155,12155
1,1244485,2097152,3341637,49,1244485,2097152,3341637,163740213,23869,24432,72930,72930,12155,12155
